participant,statement_id,vote,updated_at
p1,1,-1,2026-09-01T04:18:09.855Z
p1,2,1,2026-09-01T04:18:10.015Z
p1,3,-1,2026-09-01T04:18:10.184Z
p1,4,-1,2026-09-01T04:18:10.346Z
p1,5,1,2026-09-01T04:18:10.495Z
p1,6,-1,2026-09-01T04:18:10.621Z
p1,7,1,2026-09-01T04:18:10.777Z
p1,8,0,2026-09-01T04:18:10.934Z
p1,9,1,2026-09-01T04:18:11.063Z
p1,10,0,2026-09-01T04:18:11.192Z
p1,11,1,2026-09-01T04:18:11.318Z
p1,12,-1,2026-09-01T04:18:11.417Z
p1,13,-1,2026-09-01T04:18:11.566Z
p1,14,0,2026-09-01T04:18:11.733Z
p1,15,-1,2026-09-01T04:18:11.892Z
p1,16,0,2026-09-01T04:18:12.080Z
p1,17,-1,2026-09-01T04:18:12.270Z
p1,18,-1,2026-09-01T04:18:12.438Z
p1,19,0,2026-09-01T04:18:12.561Z
p1,20,1,2026-09-01T04:18:12.689Z
p1,21,-1,2026-09-01T04:18:12.846Z
p1,22,1,2026-09-01T04:18:13.011Z
p1,23,-1,2026-09-01T04:18:13.131Z
p1,24,1,2026-09-01T04:18:13.276Z
p2,1,-1,2026-09-01T04:18:09.860Z
p2,2,1,2026-09-01T04:18:09.995Z
p2,3,1,2026-09-01T04:18:10.122Z
p2,4,1,2026-09-01T04:18:10.252Z
p2,5,1,2026-09-01T04:18:10.374Z
p2,6,0,2026-09-01T04:18:10.527Z
p2,7,1,2026-09-01T04:18:10.681Z
p2,8,-1,2026-09-01T04:18:10.838Z
p2,9,1,2026-09-01T04:18:11.031Z
p2,10,-1,2026-09-01T04:18:11.223Z
p2,11,1,2026-09-01T04:18:11.414Z
p2,12,-1,2026-09-01T04:18:11.553Z
p2,13,-1,2026-09-01T04:18:11.707Z
p2,14,-1,2026-09-01T04:18:11.861Z
p2,15,0,2026-09-01T04:18:11.984Z
p2,16,1,2026-09-01T04:18:12.115Z
p2,17,-1,2026-09-01T04:18:12.242Z
p2,18,1,2026-09-01T04:18:12.372Z
p2,19,0,2026-09-01T04:18:12.498Z
p2,20,-1,2026-09-01T04:18:12.628Z
p2,21,-1,2026-09-01T04:18:12.784Z
p2,22,-1,2026-09-01T04:18:12.919Z
p2,23,1,2026-09-01T04:18:13.063Z
p2,24,1,2026-09-01T04:18:13.227Z
p3,1,1,2026-09-01T04:18:09.916Z
p3,2,1,2026-09-01T04:18:10.090Z
p3,3,1,2026-09-01T04:18:10.311Z
p3,4,1,2026-09-01T04:18:10.473Z
p3,5,1,2026-09-01T04:18:10.621Z
p3,6,-1,2026-09-01T04:18:10.793Z
p3,7,1,2026-09-01T04:18:10.963Z
p3,8,0,2026-09-01T04:18:11.126Z
p3,9,1,2026-09-01T04:18:11.256Z
p3,10,1,2026-09-01T04:18:11.414Z
p3,11,1,2026-09-01T04:18:11.559Z
p3,12,-1,2026-09-01T04:18:11.675Z
p3,13,-1,2026-09-01T04:18:11.795Z
p3,14,0,2026-09-01T04:18:11.948Z
p3,15,0,2026-09-01T04:18:12.115Z
p3,16,1,2026-09-01T04:18:12.242Z
p3,17,-1,2026-09-01T04:18:12.404Z
p3,18,1,2026-09-01T04:18:12.592Z
p3,19,1,2026-09-01T04:18:12.785Z
p3,20,1,2026-09-01T04:18:12.968Z
p3,21,1,2026-09-01T04:18:13.107Z
p3,22,0,2026-09-01T04:18:13.212Z
p3,23,1,2026-09-01T04:18:13.371Z
p3,24,1,2026-09-01T04:18:13.550Z
p4,1,1,2026-09-01T04:18:09.920Z
p4,2,0,2026-09-01T04:18:10.059Z
p4,3,1,2026-09-01T04:18:10.187Z
p4,4,1,2026-09-01T04:18:10.338Z
p4,5,-1,2026-09-01T04:18:10.474Z
p4,6,0,2026-09-01T04:18:10.592Z
p4,7,0,2026-09-01T04:18:10.700Z
p4,8,-1,2026-09-01T04:18:10.806Z
p4,9,1,2026-09-01T04:18:10.966Z
p4,10,-1,2026-09-01T04:18:11.125Z
p4,11,1,2026-09-01T04:18:11.287Z
p4,12,-1,2026-09-01T04:18:11.470Z
p4,13,1,2026-09-01T04:18:11.612Z
p4,14,1,2026-09-01T04:18:11.767Z
p4,15,-1,2026-09-01T04:18:11.920Z
p4,16,-1,2026-09-01T04:18:12.047Z
p4,17,1,2026-09-01T04:18:12.210Z
p4,18,0,2026-09-01T04:18:12.373Z
p4,19,1,2026-09-01T04:18:12.498Z
p4,20,1,2026-09-01T04:18:12.627Z
p4,21,1,2026-09-01T04:18:12.752Z
p4,22,-1,2026-09-01T04:18:12.905Z
p4,23,1,2026-09-01T04:18:13.069Z
p4,24,1,2026-09-01T04:18:13.225Z
p5,1,1,2026-09-01T04:18:09.920Z
p5,2,1,2026-09-01T04:18:10.091Z
p5,3,1,2026-09-01T04:18:10.283Z
p5,4,0,2026-09-01T04:18:10.432Z
p5,5,1,2026-09-01T04:18:10.589Z
p5,6,-1,2026-09-01T04:18:10.745Z
p5,7,1,2026-09-01T04:18:10.870Z
p5,8,0,2026-09-01T04:18:11.000Z
p5,9,1,2026-09-01T04:18:11.125Z
p5,10,1,2026-09-01T04:18:11.257Z
p5,11,1,2026-09-01T04:18:11.411Z
p5,12,-1,2026-09-01T04:18:11.540Z
p5,13,-1,2026-09-01T04:18:11.676Z
p5,14,-1,2026-09-01T04:18:11.794Z
p5,15,-1,2026-09-01T04:18:11.920Z
p5,16,1,2026-09-01T04:18:12.079Z
p5,17,-1,2026-09-01T04:18:12.242Z
p5,18,1,2026-09-01T04:18:12.400Z
p5,19,0,2026-09-01T04:18:12.592Z
p5,20,1,2026-09-01T04:18:12.784Z
p5,21,1,2026-09-01T04:18:12.925Z
p5,22,0,2026-09-01T04:18:13.101Z
p5,23,1,2026-09-01T04:18:13.276Z
p5,24,1,2026-09-01T04:18:13.426Z
p6,1,1,2026-09-01T04:18:09.922Z
p6,2,1,2026-09-01T04:18:10.059Z
p6,3,1,2026-09-01T04:18:10.215Z
p6,4,1,2026-09-01T04:18:10.405Z
p6,5,1,2026-09-01T04:18:10.558Z
p6,6,0,2026-09-01T04:18:10.681Z
p6,7,0,2026-09-01T04:18:10.838Z
p6,8,-1,2026-09-01T04:18:11.027Z
p6,9,0,2026-09-01T04:18:11.190Z
p6,10,1,2026-09-01T04:18:11.319Z
p6,11,1,2026-09-01T04:18:11.416Z
p6,12,1,2026-09-01T04:18:11.534Z
p6,13,-1,2026-09-01T04:18:11.674Z
p6,14,1,2026-09-01T04:18:11.794Z
p6,15,1,2026-09-01T04:18:11.920Z
p6,16,1,2026-09-01T04:18:12.047Z
p6,17,1,2026-09-01T04:18:12.180Z
p6,18,0,2026-09-01T04:18:12.309Z
p6,19,0,2026-09-01T04:18:12.469Z
p6,20,1,2026-09-01T04:18:12.656Z
p6,21,1,2026-09-01T04:18:12.842Z
p6,22,1,2026-09-01T04:18:13.044Z
p6,23,0,2026-09-01T04:18:13.194Z
p6,24,1,2026-09-01T04:18:13.334Z
p7,1,1,2026-09-01T04:18:09.952Z
p7,2,1,2026-09-01T04:18:10.120Z
p7,3,1,2026-09-01T04:18:10.278Z
p7,4,-1,2026-09-01T04:18:10.411Z
p7,5,0,2026-09-01T04:18:10.534Z
p7,6,-1,2026-09-01T04:18:10.680Z
p7,7,1,2026-09-01T04:18:10.807Z
p7,8,0,2026-09-01T04:18:10.936Z
p7,9,1,2026-09-01T04:18:11.095Z
p7,10,0,2026-09-01T04:18:11.284Z
p7,11,1,2026-09-01T04:18:11.412Z
p7,12,-1,2026-09-01T04:18:11.535Z
p7,13,-1,2026-09-01T04:18:11.706Z
p7,14,1,2026-09-01T04:18:11.892Z
p7,15,1,2026-09-01T04:18:12.079Z
p7,16,1,2026-09-01T04:18:12.243Z
p7,17,1,2026-09-01T04:18:12.404Z
p7,18,1,2026-09-01T04:18:12.562Z
p7,19,0,2026-09-01T04:18:12.689Z
p7,20,-1,2026-09-01T04:18:12.814Z
p7,21,-1,2026-09-01T04:18:12.920Z
p7,22,1,2026-09-01T04:18:13.064Z
p7,23,1,2026-09-01T04:18:13.227Z
p7,24,1,2026-09-01T04:18:13.425Z
p8,1,1,2026-09-01T04:18:09.948Z
p8,2,1,2026-09-01T04:18:10.121Z
p8,3,1,2026-09-01T04:18:10.252Z
p8,4,0,2026-09-01T04:18:10.406Z
p8,5,1,2026-09-01T04:18:10.586Z
p8,6,1,2026-09-01T04:18:10.746Z
p8,7,1,2026-09-01T04:18:10.870Z
p8,8,-1,2026-09-01T04:18:11.000Z
p8,9,0,2026-09-01T04:18:11.126Z
p8,10,-1,2026-09-01T04:18:11.287Z
p8,11,1,2026-09-01T04:18:11.427Z
p8,12,-1,2026-09-01T04:18:11.565Z
p8,13,-1,2026-09-01T04:18:11.734Z
p8,14,1,2026-09-01T04:18:11.894Z
p8,15,1,2026-09-01T04:18:12.048Z
p8,16,1,2026-09-01T04:18:12.210Z
p8,17,0,2026-09-01T04:18:12.404Z
p8,18,1,2026-09-01T04:18:12.560Z
p8,19,1,2026-09-01T04:18:12.690Z
p8,20,1,2026-09-01T04:18:12.814Z
p8,21,1,2026-09-01T04:18:12.948Z
p8,22,0,2026-09-01T04:18:13.122Z
p8,23,1,2026-09-01T04:18:13.257Z
p8,24,1,2026-09-01T04:18:13.425Z
p9,1,1,2026-09-01T04:18:13.393Z
p9,2,1,2026-09-01T04:18:13.523Z
p9,3,1,2026-09-01T04:18:13.650Z
p9,4,1,2026-09-01T04:18:13.776Z
p9,5,1,2026-09-01T04:18:13.900Z
p9,6,-1,2026-09-01T04:18:14.055Z
p9,7,1,2026-09-01T04:18:14.224Z
p9,8,-1,2026-09-01T04:18:14.356Z
p9,9,-1,2026-09-01T04:18:14.481Z
p9,10,1,2026-09-01T04:18:14.607Z
p9,11,1,2026-09-01T04:18:14.732Z
p9,12,-1,2026-09-01T04:18:14.842Z
p9,13,-1,2026-09-01T04:18:14.968Z
p9,14,1,2026-09-01T04:18:15.079Z
p9,15,1,2026-09-01T04:18:15.197Z
p9,16,0,2026-09-01T04:18:15.323Z
p9,17,1,2026-09-01T04:18:15.476Z
p9,18,1,2026-09-01T04:18:15.640Z
p9,19,1,2026-09-01T04:18:15.768Z
p9,20,0,2026-09-01T04:18:15.879Z
p9,21,1,2026-09-01T04:18:15.983Z
p9,22,1,2026-09-01T04:18:16.143Z
p9,23,1,2026-09-01T04:18:16.276Z
p9,24,1,2026-09-01T04:18:16.443Z
p10,1,1,2026-09-01T04:18:13.394Z
p10,2,1,2026-09-01T04:18:13.522Z
p10,3,1,2026-09-01T04:18:13.680Z
p10,4,0,2026-09-01T04:18:13.867Z
p10,5,1,2026-09-01T04:18:14.059Z
p10,6,-1,2026-09-01T04:18:14.225Z
p10,7,1,2026-09-01T04:18:14.388Z
p10,8,0,2026-09-01T04:18:14.574Z
p10,9,1,2026-09-01T04:18:14.764Z
p10,10,0,2026-09-01T04:18:14.904Z
p10,11,1,2026-09-01T04:18:15.073Z
p10,12,-1,2026-09-01T04:18:15.207Z
p10,13,-1,2026-09-01T04:18:15.323Z
p10,14,0,2026-09-01T04:18:15.444Z
p10,15,1,2026-09-01T04:18:15.608Z
p10,16,0,2026-09-01T04:18:15.769Z
p10,17,1,2026-09-01T04:18:15.878Z
p10,18,1,2026-09-01T04:18:15.987Z
p10,19,1,2026-09-01T04:18:16.152Z
p10,20,1,2026-09-01T04:18:16.316Z
p10,21,0,2026-09-01T04:18:16.441Z
p10,22,0,2026-09-01T04:18:16.602Z
p10,23,1,2026-09-01T04:18:16.793Z
p10,24,1,2026-09-01T04:18:16.984Z
p11,1,1,2026-09-01T04:18:13.424Z
p11,2,1,2026-09-01T04:18:13.611Z
p11,3,1,2026-09-01T04:18:13.807Z
p11,4,1,2026-09-01T04:18:13.995Z
p11,5,1,2026-09-01T04:18:14.159Z
p11,6,-1,2026-09-01T04:18:14.322Z
p11,7,1,2026-09-01T04:18:14.512Z
p11,8,-1,2026-09-01T04:18:14.672Z
p11,9,1,2026-09-01T04:18:14.833Z
p11,10,-1,2026-09-01T04:18:14.998Z
p11,11,1,2026-09-01T04:18:15.135Z
p11,12,-1,2026-09-01T04:18:15.292Z
p11,13,-1,2026-09-01T04:18:15.444Z
p11,14,1,2026-09-01T04:18:15.576Z
p11,15,0,2026-09-01T04:18:15.704Z
p11,16,-1,2026-09-01T04:18:15.864Z
p11,17,1,2026-09-01T04:18:15.994Z
p11,18,1,2026-09-01T04:18:16.120Z
p11,19,0,2026-09-01T04:18:16.277Z
p11,20,1,2026-09-01T04:18:16.442Z
p11,21,0,2026-09-01T04:18:16.602Z
p11,22,-1,2026-09-01T04:18:16.797Z
p11,23,1,2026-09-01T04:18:16.988Z
p11,24,1,2026-09-01T04:18:17.149Z
p12,1,-1,2026-09-01T04:18:13.457Z
p12,2,1,2026-09-01T04:18:13.583Z
p12,3,1,2026-09-01T04:18:13.743Z
p12,4,1,2026-09-01T04:18:13.900Z
p12,5,1,2026-09-01T04:18:14.027Z
p12,6,0,2026-09-01T04:18:14.159Z
p12,7,1,2026-09-01T04:18:14.292Z
p12,8,-1,2026-09-01T04:18:14.444Z
p12,9,1,2026-09-01T04:18:14.606Z
p12,10,0,2026-09-01T04:18:14.760Z
p12,11,1,2026-09-01T04:18:14.935Z
p12,12,-1,2026-09-01T04:18:15.107Z
p12,13,-1,2026-09-01T04:18:15.295Z
p12,14,-1,2026-09-01T04:18:15.444Z
p12,15,1,2026-09-01T04:18:15.609Z
p12,16,0,2026-09-01T04:18:15.768Z
p12,17,-1,2026-09-01T04:18:15.906Z
p12,18,-1,2026-09-01T04:18:16.057Z
p12,19,-1,2026-09-01T04:18:16.184Z
p12,20,-1,2026-09-01T04:18:16.316Z
p12,21,1,2026-09-01T04:18:16.441Z
p12,22,1,2026-09-01T04:18:16.599Z
p12,23,-1,2026-09-01T04:18:16.766Z
p12,24,0,2026-09-01T04:18:16.887Z
p13,1,1,2026-09-01T04:18:13.583Z
p13,2,1,2026-09-01T04:18:13.744Z
p13,3,1,2026-09-01T04:18:13.900Z
p13,4,1,2026-09-01T04:18:14.058Z
p13,5,1,2026-09-01T04:18:14.224Z
p13,6,1,2026-09-01T04:18:14.356Z
p13,7,1,2026-09-01T04:18:14.481Z
p13,8,1,2026-09-01T04:18:14.638Z
p13,9,0,2026-09-01T04:18:14.891Z
p13,10,1,2026-09-01T04:18:15.068Z
p13,11,1,2026-09-01T04:18:15.197Z
p13,12,-1,2026-09-01T04:18:15.351Z
p13,13,1,2026-09-01T04:18:15.513Z
p13,14,-1,2026-09-01T04:18:15.640Z
p13,15,0,2026-09-01T04:18:15.769Z
p13,16,1,2026-09-01T04:18:15.906Z
p13,17,1,2026-09-01T04:18:16.057Z
p13,18,1,2026-09-01T04:18:16.201Z
p13,19,0,2026-09-01T04:18:16.371Z
p13,20,1,2026-09-01T04:18:16.559Z
p13,21,1,2026-09-01T04:18:16.750Z
p13,22,1,2026-09-01T04:18:16.891Z
p13,23,1,2026-09-01T04:18:17.057Z
p13,24,1,2026-09-01T04:18:17.215Z
p14,1,1,2026-09-01T04:18:13.584Z
p14,2,1,2026-09-01T04:18:13.713Z
p14,3,1,2026-09-01T04:18:13.863Z
p14,4,1,2026-09-01T04:18:14.059Z
p14,5,-1,2026-09-01T04:18:14.257Z
p14,6,-1,2026-09-01T04:18:14.416Z
p14,7,1,2026-09-01T04:18:14.544Z
p14,8,-1,2026-09-01T04:18:14.671Z
p14,9,-1,2026-09-01T04:18:14.832Z
p14,10,-1,2026-09-01T04:18:14.998Z
p14,11,1,2026-09-01T04:18:15.126Z
p14,12,-1,2026-09-01T04:18:15.296Z
p14,13,-1,2026-09-01T04:18:15.445Z
p14,14,1,2026-09-01T04:18:15.577Z
p14,15,1,2026-09-01T04:18:15.735Z
p14,16,1,2026-09-01T04:18:15.875Z
p14,17,1,2026-09-01T04:18:15.986Z
p14,18,1,2026-09-01T04:18:16.148Z
p14,19,0,2026-09-01T04:18:16.348Z
p14,20,1,2026-09-01T04:18:16.506Z
p14,21,1,2026-09-01T04:18:16.658Z
p14,22,1,2026-09-01T04:18:16.797Z
p14,23,1,2026-09-01T04:18:16.987Z
p14,24,1,2026-09-01T04:18:17.180Z
p15,1,1,2026-09-01T04:18:13.614Z
p15,2,1,2026-09-01T04:18:13.807Z
p15,3,0,2026-09-01T04:18:13.965Z
p15,4,1,2026-09-01T04:18:14.088Z
p15,5,-1,2026-09-01T04:18:14.256Z
p15,6,-1,2026-09-01T04:18:14.416Z
p15,7,1,2026-09-01T04:18:14.574Z
p15,8,-1,2026-09-01T04:18:14.733Z
p15,9,1,2026-09-01T04:18:14.841Z
p15,10,-1,2026-09-01T04:18:14.969Z
p15,11,1,2026-09-01T04:18:15.117Z
p15,12,-1,2026-09-01T04:18:15.264Z
p15,13,-1,2026-09-01T04:18:15.386Z
p15,14,1,2026-09-01T04:18:15.544Z
p15,15,-1,2026-09-01T04:18:15.704Z
p15,16,-1,2026-09-01T04:18:15.868Z
p15,17,1,2026-09-01T04:18:16.074Z
p15,18,1,2026-09-01T04:18:16.275Z
p15,19,1,2026-09-01T04:18:16.463Z
p15,20,1,2026-09-01T04:18:16.641Z
p15,21,1,2026-09-01T04:18:16.766Z
p15,22,1,2026-09-01T04:18:16.886Z
p15,23,1,2026-09-01T04:18:17.058Z
p15,24,1,2026-09-01T04:18:17.244Z
p16,1,1,2026-09-01T04:18:13.713Z
p16,2,1,2026-09-01T04:18:13.836Z
p16,3,1,2026-09-01T04:18:13.964Z
p16,4,-1,2026-09-01T04:18:14.086Z
p16,5,1,2026-09-01T04:18:14.255Z
p16,6,-1,2026-09-01T04:18:14.445Z
p16,7,1,2026-09-01T04:18:14.607Z
p16,8,0,2026-09-01T04:18:14.733Z
p16,9,1,2026-09-01T04:18:14.841Z
p16,10,-1,2026-09-01T04:18:14.968Z
p16,11,1,2026-09-01T04:18:15.110Z
p16,12,0,2026-09-01T04:18:15.295Z
p16,13,-1,2026-09-01T04:18:15.474Z
p16,14,-1,2026-09-01T04:18:15.670Z
p16,15,1,2026-09-01T04:18:15.864Z
p16,16,1,2026-09-01T04:18:15.996Z
p16,17,0,2026-09-01T04:18:16.120Z
p16,18,0,2026-09-01T04:18:16.247Z
p16,19,0,2026-09-01T04:18:16.378Z
p16,20,-1,2026-09-01T04:18:16.506Z
p16,21,0,2026-09-01T04:18:16.700Z
p16,22,0,2026-09-01T04:18:16.863Z
p16,23,0,2026-09-01T04:18:16.967Z
p16,24,1,2026-09-01T04:18:17.084Z
p17,1,0,2026-09-01T04:18:16.577Z
p17,2,-1,2026-09-01T04:18:16.705Z
p17,3,-1,2026-09-01T04:18:16.829Z
p17,4,1,2026-09-01T04:18:16.956Z
p17,5,1,2026-09-01T04:18:17.085Z
p17,6,-1,2026-09-01T04:18:17.216Z
p17,7,1,2026-09-01T04:18:17.376Z
p17,8,0,2026-09-01T04:18:17.541Z
p17,9,1,2026-09-01T04:18:17.706Z
p17,10,0,2026-09-01T04:18:17.907Z
p17,11,1,2026-09-01T04:18:18.084Z
p17,12,-1,2026-09-01T04:18:18.262Z
p17,13,-1,2026-09-01T04:18:18.420Z
p17,14,1,2026-09-01T04:18:18.547Z
p17,15,1,2026-09-01T04:18:18.708Z
p17,16,-1,2026-09-01T04:18:18.868Z
p17,17,1,2026-09-01T04:18:18.993Z
p17,18,-1,2026-09-01T04:18:19.121Z
p17,19,0,2026-09-01T04:18:19.246Z
p17,20,1,2026-09-01T04:18:19.367Z
p17,21,1,2026-09-01T04:18:19.487Z
p17,22,1,2026-09-01T04:18:19.641Z
p17,23,1,2026-09-01T04:18:19.835Z
p17,24,1,2026-09-01T04:18:19.942Z
p18,1,1,2026-09-01T04:18:17.026Z
p18,2,1,2026-09-01T04:18:17.149Z
p18,3,1,2026-09-01T04:18:17.278Z
p18,4,-1,2026-09-01T04:18:17.380Z
p18,5,1,2026-09-01T04:18:17.482Z
p18,6,0,2026-09-01T04:18:17.610Z
p18,7,1,2026-09-01T04:18:17.770Z
p18,8,0,2026-09-01T04:18:17.952Z
p18,9,1,2026-09-01T04:18:18.099Z
p18,10,1,2026-09-01T04:18:18.266Z
p18,11,1,2026-09-01T04:18:18.420Z
p18,12,-1,2026-09-01T04:18:18.578Z
p18,13,-1,2026-09-01T04:18:18.739Z
p18,14,1,2026-09-01T04:18:18.868Z
p18,15,1,2026-09-01T04:18:19.022Z
p18,16,1,2026-09-01T04:18:19.213Z
p18,17,-1,2026-09-01T04:18:19.398Z
p18,18,1,2026-09-01T04:18:19.549Z
p18,19,1,2026-09-01T04:18:19.649Z
p18,20,1,2026-09-01T04:18:19.766Z
p18,21,1,2026-09-01T04:18:19.930Z
p18,22,1,2026-09-01T04:18:20.096Z
p18,23,-1,2026-09-01T04:18:20.248Z
p18,24,1,2026-09-01T04:18:20.360Z
p19,1,1,2026-09-01T04:18:17.148Z
p19,2,1,2026-09-01T04:18:17.279Z
p19,3,-1,2026-09-01T04:18:17.420Z
p19,4,1,2026-09-01T04:18:17.585Z
p19,5,-1,2026-09-01T04:18:17.692Z
p19,6,-1,2026-09-01T04:18:17.794Z
p19,7,1,2026-09-01T04:18:17.965Z
p19,8,-1,2026-09-01T04:18:18.151Z
p19,9,1,2026-09-01T04:18:18.330Z
p19,10,-1,2026-09-01T04:18:18.484Z
p19,11,1,2026-09-01T04:18:18.611Z
p19,12,-1,2026-09-01T04:18:18.739Z
p19,13,-1,2026-09-01T04:18:18.899Z
p19,14,1,2026-09-01T04:18:19.057Z
p19,15,-1,2026-09-01T04:18:19.183Z
p19,16,0,2026-09-01T04:18:19.335Z
p19,17,-1,2026-09-01T04:18:19.517Z
p19,18,1,2026-09-01T04:18:19.686Z
p19,19,-1,2026-09-01T04:18:19.837Z
p19,20,0,2026-09-01T04:18:19.940Z
p19,21,1,2026-09-01T04:18:20.080Z
p19,22,1,2026-09-01T04:18:20.247Z
p19,23,1,2026-09-01T04:18:20.391Z
p19,24,1,2026-09-01T04:18:20.602Z
p20,1,1,2026-09-01T04:18:17.244Z
p20,2,-1,2026-09-01T04:18:17.383Z
p20,3,1,2026-09-01T04:18:17.523Z
p20,4,-1,2026-09-01T04:18:17.705Z
p20,5,1,2026-09-01T04:18:17.875Z
p20,6,-1,2026-09-01T04:18:18.049Z
p20,7,1,2026-09-01T04:18:18.217Z
p20,8,-1,2026-09-01T04:18:18.357Z
p20,9,1,2026-09-01T04:18:18.509Z
p20,10,0,2026-09-01T04:18:18.706Z
p20,11,1,2026-09-01T04:18:18.900Z
p20,12,-1,2026-09-01T04:18:19.112Z
p20,13,-1,2026-09-01T04:18:19.279Z
p20,14,-1,2026-09-01T04:18:19.392Z
p20,15,0,2026-09-01T04:18:19.487Z
p20,16,-1,2026-09-01T04:18:19.645Z
p20,17,1,2026-09-01T04:18:19.836Z
p20,18,-1,2026-09-01T04:18:19.973Z
p20,19,1,2026-09-01T04:18:20.175Z
p20,20,1,2026-09-01T04:18:20.365Z
p20,21,0,2026-09-01T04:18:20.541Z
p20,22,1,2026-09-01T04:18:20.664Z
p20,23,-1,2026-09-01T04:18:20.821Z
p20,24,1,2026-09-01T04:18:20.990Z
p21,1,1,2026-09-01T04:18:17.309Z
p21,2,0,2026-09-01T04:18:17.514Z
p21,3,1,2026-09-01T04:18:17.674Z
p21,4,1,2026-09-01T04:18:17.778Z
p21,5,0,2026-09-01T04:18:17.914Z
p21,6,-1,2026-09-01T04:18:18.050Z
p21,7,1,2026-09-01T04:18:18.206Z
p21,8,0,2026-09-01T04:18:18.357Z
p21,9,0,2026-09-01T04:18:18.511Z
p21,10,-1,2026-09-01T04:18:18.676Z
p21,11,1,2026-09-01T04:18:18.806Z
p21,12,0,2026-09-01T04:18:18.934Z
p21,13,-1,2026-09-01T04:18:19.057Z
p21,14,1,2026-09-01T04:18:19.183Z
p21,15,-1,2026-09-01T04:18:19.303Z
p21,16,1,2026-09-01T04:18:19.430Z
p21,17,-1,2026-09-01T04:18:19.550Z
p21,18,1,2026-09-01T04:18:19.656Z
p21,19,0,2026-09-01T04:18:19.812Z
p21,20,1,2026-09-01T04:18:19.984Z
p21,21,-1,2026-09-01T04:18:20.158Z
p21,22,-1,2026-09-01T04:18:20.301Z
p21,23,-1,2026-09-01T04:18:20.454Z
p21,24,-1,2026-09-01T04:18:20.578Z
p22,1,-1,2026-09-01T04:18:17.372Z
p22,2,1,2026-09-01T04:18:17.542Z
p22,3,1,2026-09-01T04:18:17.702Z
p22,4,0,2026-09-01T04:18:17.884Z
p22,5,1,2026-09-01T04:18:18.035Z
p22,6,-1,2026-09-01T04:18:18.205Z
p22,7,1,2026-09-01T04:18:18.387Z
p22,8,1,2026-09-01T04:18:18.547Z
p22,9,1,2026-09-01T04:18:18.708Z
p22,10,1,2026-09-01T04:18:18.899Z
p22,11,-1,2026-09-01T04:18:19.057Z
p22,12,-1,2026-09-01T04:18:19.214Z
p22,13,-1,2026-09-01T04:18:19.367Z
p22,14,-1,2026-09-01T04:18:19.518Z
p22,15,1,2026-09-01T04:18:19.691Z
p22,16,-1,2026-09-01T04:18:19.836Z
p22,17,1,2026-09-01T04:18:19.938Z
p22,18,1,2026-09-01T04:18:20.047Z
p22,19,1,2026-09-01T04:18:20.186Z
p22,20,-1,2026-09-01T04:18:20.360Z
p22,21,1,2026-09-01T04:18:20.515Z
p22,22,1,2026-09-01T04:18:20.664Z
p22,23,1,2026-09-01T04:18:20.823Z
p22,24,1,2026-09-01T04:18:20.990Z
p23,1,1,2026-09-01T04:18:17.376Z
p23,2,1,2026-09-01T04:18:17.541Z
p23,3,1,2026-09-01T04:18:17.674Z
p23,4,-1,2026-09-01T04:18:17.812Z
p23,5,1,2026-09-01T04:18:17.976Z
p23,6,-1,2026-09-01T04:18:18.115Z
p23,7,-1,2026-09-01T04:18:18.234Z
p23,8,1,2026-09-01T04:18:18.388Z
p23,9,1,2026-09-01T04:18:18.575Z
p23,10,1,2026-09-01T04:18:18.771Z
p23,11,1,2026-09-01T04:18:18.936Z
p23,12,-1,2026-09-01T04:18:19.056Z
p23,13,-1,2026-09-01T04:18:19.215Z
p23,14,0,2026-09-01T04:18:19.399Z
p23,15,1,2026-09-01T04:18:19.581Z
p23,16,-1,2026-09-01T04:18:19.779Z
p23,17,0,2026-09-01T04:18:19.932Z
p23,18,1,2026-09-01T04:18:20.062Z
p23,19,-1,2026-09-01T04:18:20.207Z
p23,20,1,2026-09-01T04:18:20.359Z
p23,21,1,2026-09-01T04:18:20.484Z
p23,22,1,2026-09-01T04:18:20.636Z
p23,23,1,2026-09-01T04:18:20.792Z
p23,24,1,2026-09-01T04:18:20.927Z
p24,1,1,2026-09-01T04:18:17.412Z
p24,2,1,2026-09-01T04:18:17.616Z
p24,3,-1,2026-09-01T04:18:17.773Z
p24,4,-1,2026-09-01T04:18:17.886Z
p24,5,1,2026-09-01T04:18:18.035Z
p24,6,0,2026-09-01T04:18:18.174Z
p24,7,1,2026-09-01T04:18:18.298Z
p24,8,1,2026-09-01T04:18:18.420Z
p24,9,1,2026-09-01T04:18:18.579Z
p24,10,0,2026-09-01T04:18:18.740Z
p24,11,1,2026-09-01T04:18:18.869Z
p24,12,-1,2026-09-01T04:18:19.025Z
p24,13,-1,2026-09-01T04:18:19.214Z
p24,14,-1,2026-09-01T04:18:19.394Z
p24,15,1,2026-09-01T04:18:19.550Z
p24,16,1,2026-09-01T04:18:19.657Z
p24,17,1,2026-09-01T04:18:19.814Z
p24,18,1,2026-09-01T04:18:19.952Z
p24,19,0,2026-09-01T04:18:20.060Z
p24,20,0,2026-09-01T04:18:20.164Z
p24,21,0,2026-09-01T04:18:20.268Z
p24,22,1,2026-09-01T04:18:20.376Z
p24,23,1,2026-09-01T04:18:20.510Z
p24,24,1,2026-09-01T04:18:20.663Z
p25,1,1,2026-09-01T04:18:20.078Z
p25,2,1,2026-09-01T04:18:20.266Z
p25,3,1,2026-09-01T04:18:20.425Z
p25,4,1,2026-09-01T04:18:20.572Z
p25,5,1,2026-09-01T04:18:20.781Z
p25,6,-1,2026-09-01T04:18:20.948Z
p25,7,0,2026-09-01T04:18:21.081Z
p25,8,-1,2026-09-01T04:18:21.248Z
p25,9,1,2026-09-01T04:18:21.402Z
p25,10,-1,2026-09-01T04:18:21.559Z
p25,11,1,2026-09-01T04:18:21.712Z
p25,12,-1,2026-09-01T04:18:21.837Z
p25,13,-1,2026-09-01T04:18:21.993Z
p25,14,1,2026-09-01T04:18:22.144Z
p25,15,1,2026-09-01T04:18:22.266Z
p25,16,1,2026-09-01T04:18:22.392Z
p25,17,1,2026-09-01T04:18:22.544Z
p25,18,1,2026-09-01T04:18:22.742Z
p25,19,0,2026-09-01T04:18:22.882Z
p25,20,1,2026-09-01T04:18:23.024Z
p25,21,0,2026-09-01T04:18:23.192Z
p25,22,1,2026-09-01T04:18:23.314Z
p25,23,1,2026-09-01T04:18:23.443Z
p25,24,1,2026-09-01T04:18:23.592Z
p26,1,1,2026-09-01T04:18:20.511Z
p26,2,1,2026-09-01T04:18:20.692Z
p26,3,0,2026-09-01T04:18:20.880Z
p26,4,1,2026-09-01T04:18:21.082Z
p26,5,1,2026-09-01T04:18:21.217Z
p26,6,-1,2026-09-01T04:18:21.343Z
p26,7,1,2026-09-01T04:18:21.465Z
p26,8,-1,2026-09-01T04:18:21.590Z
p26,9,1,2026-09-01T04:18:21.739Z
p26,10,1,2026-09-01T04:18:21.902Z
p26,11,1,2026-09-01T04:18:22.055Z
p26,12,-1,2026-09-01T04:18:22.256Z
p26,13,-1,2026-09-01T04:18:22.423Z
p26,14,1,2026-09-01T04:18:22.560Z
p26,15,1,2026-09-01T04:18:22.663Z
p26,16,-1,2026-09-01T04:18:22.798Z
p26,17,1,2026-09-01T04:18:22.903Z
p26,18,1,2026-09-01T04:18:23.039Z
p26,19,0,2026-09-01T04:18:23.161Z
p26,20,1,2026-09-01T04:18:23.313Z
p26,21,1,2026-09-01T04:18:23.475Z
p26,22,-1,2026-09-01T04:18:23.643Z
p26,23,-1,2026-09-01T04:18:23.790Z
p26,24,0,2026-09-01T04:18:23.922Z
p27,1,0,2026-09-01T04:18:20.729Z
p27,2,1,2026-09-01T04:18:20.886Z
p27,3,1,2026-09-01T04:18:21.039Z
p27,4,1,2026-09-01T04:18:21.230Z
p27,5,1,2026-09-01T04:18:21.404Z
p27,6,0,2026-09-01T04:18:21.559Z
p27,7,1,2026-09-01T04:18:21.743Z
p27,8,-1,2026-09-01T04:18:21.930Z
p27,9,1,2026-09-01T04:18:22.113Z
p27,10,-1,2026-09-01T04:18:22.294Z
p27,11,1,2026-09-01T04:18:22.453Z
p27,12,0,2026-09-01T04:18:22.589Z
p27,13,-1,2026-09-01T04:18:22.744Z
p27,14,-1,2026-09-01T04:18:22.877Z
p27,15,0,2026-09-01T04:18:23.016Z
p27,16,0,2026-09-01T04:18:23.193Z
p27,17,1,2026-09-01T04:18:23.357Z
p27,18,1,2026-09-01T04:18:23.534Z
p27,19,-1,2026-09-01T04:18:23.706Z
p27,20,0,2026-09-01T04:18:23.859Z
p27,21,1,2026-09-01T04:18:23.985Z
p27,22,1,2026-09-01T04:18:24.133Z
p27,23,1,2026-09-01T04:18:24.331Z
p27,24,1,2026-09-01T04:18:24.547Z
p28,1,1,2026-09-01T04:18:20.749Z
p28,2,1,2026-09-01T04:18:20.885Z
p28,3,1,2026-09-01T04:18:21.035Z
p28,4,1,2026-09-01T04:18:21.197Z
p28,5,1,2026-09-01T04:18:21.375Z
p28,6,-1,2026-09-01T04:18:21.550Z
p28,7,1,2026-09-01T04:18:21.716Z
p28,8,0,2026-09-01T04:18:21.886Z
p28,9,-1,2026-09-01T04:18:22.050Z
p28,10,1,2026-09-01T04:18:22.171Z
p28,11,1,2026-09-01T04:18:22.289Z
p28,12,-1,2026-09-01T04:18:22.394Z
p28,13,-1,2026-09-01T04:18:22.544Z
p28,14,-1,2026-09-01T04:18:22.715Z
p28,15,0,2026-09-01T04:18:22.893Z
p28,16,-1,2026-09-01T04:18:23.066Z
p28,17,1,2026-09-01T04:18:23.223Z
p28,18,1,2026-09-01T04:18:23.323Z
p28,19,0,2026-09-01T04:18:23.474Z
p28,20,1,2026-09-01T04:18:23.615Z
p28,21,1,2026-09-01T04:18:23.797Z
p28,22,1,2026-09-01T04:18:23.953Z
p28,23,-1,2026-09-01T04:18:24.078Z
p28,24,1,2026-09-01T04:18:24.200Z
p29,1,1,2026-09-01T04:18:20.825Z
p29,2,1,2026-09-01T04:18:20.989Z
p29,3,1,2026-09-01T04:18:21.134Z
p29,4,1,2026-09-01T04:18:21.320Z
p29,5,1,2026-09-01T04:18:21.466Z
p29,6,-1,2026-09-01T04:18:21.622Z
p29,7,1,2026-09-01T04:18:21.778Z
p29,8,1,2026-09-01T04:18:21.902Z
p29,9,1,2026-09-01T04:18:22.023Z
p29,10,1,2026-09-01T04:18:22.175Z
p29,11,1,2026-09-01T04:18:22.327Z
p29,12,-1,2026-09-01T04:18:22.485Z
p29,13,-1,2026-09-01T04:18:22.650Z
p29,14,1,2026-09-01T04:18:22.815Z
p29,15,1,2026-09-01T04:18:22.973Z
p29,16,1,2026-09-01T04:18:23.130Z
p29,17,1,2026-09-01T04:18:23.313Z
p29,18,0,2026-09-01T04:18:23.444Z
p29,19,1,2026-09-01T04:18:23.591Z
p29,20,1,2026-09-01T04:18:23.727Z
p29,21,1,2026-09-01T04:18:23.891Z
p29,22,1,2026-09-01T04:18:24.075Z
p29,23,0,2026-09-01T04:18:24.216Z
p29,24,1,2026-09-01T04:18:24.322Z
p30,1,1,2026-09-01T04:18:21.103Z
p30,2,1,2026-09-01T04:18:21.210Z
p30,3,1,2026-09-01T04:18:21.371Z
p30,4,1,2026-09-01T04:18:21.560Z
p30,5,1,2026-09-01T04:18:21.712Z
p30,6,-1,2026-09-01T04:18:21.838Z
p30,7,1,2026-09-01T04:18:21.997Z
p30,8,-1,2026-09-01T04:18:22.143Z
p30,9,0,2026-09-01T04:18:22.297Z
p30,10,0,2026-09-01T04:18:22.484Z
p30,11,1,2026-09-01T04:18:22.682Z
p30,12,-1,2026-09-01T04:18:22.815Z
p30,13,-1,2026-09-01T04:18:22.975Z
p30,14,0,2026-09-01T04:18:23.157Z
p30,15,1,2026-09-01T04:18:23.343Z
p30,16,0,2026-09-01T04:18:23.530Z
p30,17,1,2026-09-01T04:18:23.705Z
p30,18,1,2026-09-01T04:18:23.887Z
p30,19,0,2026-09-01T04:18:24.044Z
p30,20,1,2026-09-01T04:18:24.142Z
p30,21,1,2026-09-01T04:18:24.263Z
p30,22,1,2026-09-01T04:18:24.394Z
p30,23,1,2026-09-01T04:18:24.521Z
p30,24,1,2026-09-01T04:18:24.643Z
p31,1,1,2026-09-01T04:18:21.124Z
p31,2,1,2026-09-01T04:18:21.281Z
p31,3,1,2026-09-01T04:18:21.402Z
p31,4,0,2026-09-01T04:18:21.528Z
p31,5,1,2026-09-01T04:18:21.653Z
p31,6,-1,2026-09-01T04:18:21.778Z
p31,7,1,2026-09-01T04:18:21.903Z
p31,8,-1,2026-09-01T04:18:22.054Z
p31,9,0,2026-09-01T04:18:22.230Z
p31,10,1,2026-09-01T04:18:22.424Z
p31,11,1,2026-09-01T04:18:22.563Z
p31,12,-1,2026-09-01T04:18:22.742Z
p31,13,-1,2026-09-01T04:18:22.915Z
p31,14,0,2026-09-01T04:18:23.103Z
p31,15,1,2026-09-01T04:18:23.256Z
p31,16,1,2026-09-01T04:18:23.380Z
p31,17,1,2026-09-01T04:18:23.535Z
p31,18,1,2026-09-01T04:18:23.706Z
p31,19,1,2026-09-01T04:18:23.838Z
p31,20,1,2026-09-01T04:18:24.013Z
p31,21,0,2026-09-01T04:18:24.140Z
p31,22,1,2026-09-01T04:18:24.306Z
p31,23,1,2026-09-01T04:18:24.473Z
p31,24,1,2026-09-01T04:18:24.642Z
p32,1,1,2026-09-01T04:18:21.134Z
p32,2,1,2026-09-01T04:18:21.323Z
p32,3,1,2026-09-01T04:18:21.494Z
p32,4,-1,2026-09-01T04:18:21.684Z
p32,5,0,2026-09-01T04:18:21.838Z
p32,6,-1,2026-09-01T04:18:21.965Z
p32,7,0,2026-09-01T04:18:22.081Z
p32,8,-1,2026-09-01T04:18:22.202Z
p32,9,0,2026-09-01T04:18:22.328Z
p32,10,1,2026-09-01T04:18:22.454Z
p32,11,1,2026-09-01T04:18:22.562Z
p32,12,-1,2026-09-01T04:18:22.740Z
p32,13,-1,2026-09-01T04:18:22.876Z
p32,14,1,2026-09-01T04:18:23.022Z
p32,15,1,2026-09-01T04:18:23.192Z
p32,16,1,2026-09-01T04:18:23.342Z
p32,17,1,2026-09-01T04:18:23.502Z
p32,18,1,2026-09-01T04:18:23.644Z
p32,19,1,2026-09-01T04:18:23.821Z
p32,20,1,2026-09-01T04:18:24.016Z
p32,21,1,2026-09-01T04:18:24.228Z
p32,22,1,2026-09-01T04:18:24.414Z
p32,23,1,2026-09-01T04:18:25.180Z
p32,24,1,2026-09-01T04:18:25.341Z
p33,1,1,2026-09-01T04:18:23.727Z
p33,2,1,2026-09-01T04:18:23.859Z
p33,3,1,2026-09-01T04:18:24.017Z
p33,4,1,2026-09-01T04:18:24.230Z
p33,5,-1,2026-09-01T04:18:24.422Z
p33,6,0,2026-09-01T04:18:24.607Z
p33,7,1,2026-09-01T04:18:24.760Z
p33,8,0,2026-09-01T04:18:24.919Z
p33,9,-1,2026-09-01T04:18:25.119Z
p33,10,0,2026-09-01T04:18:25.288Z
p33,11,1,2026-09-01T04:18:25.428Z
p33,12,-1,2026-09-01T04:18:25.589Z
p33,13,0,2026-09-01T04:18:25.773Z
p33,14,-1,2026-09-01T04:18:25.952Z
p33,15,1,2026-09-01T04:18:26.137Z
p33,16,1,2026-09-01T04:18:26.295Z
p33,17,1,2026-09-01T04:18:26.452Z
p33,18,1,2026-09-01T04:18:26.604Z
p33,19,1,2026-09-01T04:18:26.709Z
p33,20,1,2026-09-01T04:18:26.837Z
p33,21,1,2026-09-01T04:18:27.036Z
p33,22,1,2026-09-01T04:18:27.218Z
p33,23,-1,2026-09-01T04:18:27.398Z
p33,24,-1,2026-09-01T04:18:27.550Z
p34,1,1,2026-09-01T04:18:24.072Z
p34,2,1,2026-09-01T04:18:24.237Z
p34,3,1,2026-09-01T04:18:24.425Z
p34,4,1,2026-09-01T04:18:24.610Z
p34,5,1,2026-09-01T04:18:24.788Z
p34,6,0,2026-09-01T04:18:24.981Z
p34,7,1,2026-09-01T04:18:25.144Z
p34,8,1,2026-09-01T04:18:25.252Z
p34,9,1,2026-09-01T04:18:25.405Z
p34,10,-1,2026-09-01T04:18:25.552Z
p34,11,1,2026-09-01T04:18:25.663Z
p34,12,-1,2026-09-01T04:18:25.789Z
p34,13,-1,2026-09-01T04:18:25.922Z
p34,14,-1,2026-09-01T04:18:26.074Z
p34,15,1,2026-09-01T04:18:26.231Z
p34,16,-1,2026-09-01T04:18:26.361Z
p34,17,-1,2026-09-01T04:18:26.484Z
p34,18,1,2026-09-01T04:18:26.632Z
p34,19,1,2026-09-01T04:18:26.793Z
p34,20,1,2026-09-01T04:18:26.914Z
p34,21,1,2026-09-01T04:18:27.061Z
p34,22,1,2026-09-01T04:18:27.228Z
p34,23,1,2026-09-01T04:18:27.399Z
p34,24,1,2026-09-01T04:18:27.582Z
p35,1,1,2026-09-01T04:18:24.323Z
p35,2,1,2026-09-01T04:18:24.456Z
p35,3,1,2026-09-01T04:18:24.579Z
p35,4,1,2026-09-01T04:18:24.701Z
p35,5,1,2026-09-01T04:18:24.822Z
p35,6,1,2026-09-01T04:18:24.981Z
p35,7,1,2026-09-01T04:18:25.173Z
p35,8,-1,2026-09-01T04:18:25.310Z
p35,9,1,2026-09-01T04:18:25.490Z
p35,10,1,2026-09-01T04:18:25.683Z
p35,11,1,2026-09-01T04:18:25.849Z
p35,12,-1,2026-09-01T04:18:26.015Z
p35,13,-1,2026-09-01T04:18:26.168Z
p35,14,1,2026-09-01T04:18:26.296Z
p35,15,0,2026-09-01T04:18:26.451Z
p35,16,1,2026-09-01T04:18:26.604Z
p35,17,-1,2026-09-01T04:18:26.747Z
p35,18,1,2026-09-01T04:18:26.945Z
p35,19,-1,2026-09-01T04:18:27.126Z
p35,20,0,2026-09-01T04:18:27.245Z
p35,21,1,2026-09-01T04:18:27.367Z
p35,22,0,2026-09-01T04:18:27.517Z
p35,23,1,2026-09-01T04:18:27.673Z
p35,24,1,2026-09-01T04:18:27.829Z
p36,1,1,2026-09-01T04:18:24.457Z
p36,2,1,2026-09-01T04:18:24.579Z
p36,3,1,2026-09-01T04:18:24.730Z
p36,4,1,2026-09-01T04:18:24.923Z
p36,5,1,2026-09-01T04:18:25.087Z
p36,6,-1,2026-09-01T04:18:25.241Z
p36,7,1,2026-09-01T04:18:25.400Z
p36,8,1,2026-09-01T04:18:25.576Z
p36,9,1,2026-09-01T04:18:25.740Z
p36,10,1,2026-09-01T04:18:25.895Z
p36,11,1,2026-09-01T04:18:26.075Z
p36,12,0,2026-09-01T04:18:26.232Z
p36,13,-1,2026-09-01T04:18:26.394Z
p36,14,1,2026-09-01T04:18:26.546Z
p36,15,1,2026-09-01T04:18:26.701Z
p36,16,1,2026-09-01T04:18:26.857Z
p36,17,1,2026-09-01T04:18:26.973Z
p36,18,1,2026-09-01T04:18:27.109Z
p36,19,0,2026-09-01T04:18:27.276Z
p36,20,1,2026-09-01T04:18:27.426Z
p36,21,1,2026-09-01T04:18:27.582Z
p36,22,1,2026-09-01T04:18:27.791Z
p36,23,1,2026-09-01T04:18:27.932Z
p36,24,0,2026-09-01T04:18:28.065Z
p37,1,1,2026-09-01T04:18:24.733Z
p37,2,1,2026-09-01T04:18:24.891Z
p37,3,1,2026-09-01T04:18:24.994Z
p37,4,1,2026-09-01T04:18:25.132Z
p37,5,-1,2026-09-01T04:18:25.310Z
p37,6,-1,2026-09-01T04:18:25.465Z
p37,7,1,2026-09-01T04:18:25.647Z
p37,8,1,2026-09-01T04:18:25.851Z
p37,9,1,2026-09-01T04:18:26.017Z
p37,10,0,2026-09-01T04:18:26.138Z
p37,11,1,2026-09-01T04:18:26.272Z
p37,12,-1,2026-09-01T04:18:26.421Z
p37,13,-1,2026-09-01T04:18:26.574Z
p37,14,-1,2026-09-01T04:18:26.734Z
p37,15,1,2026-09-01T04:18:26.895Z
p37,16,1,2026-09-01T04:18:27.037Z
p37,17,1,2026-09-01T04:18:27.214Z
p37,18,1,2026-09-01T04:18:27.395Z
p37,19,1,2026-09-01T04:18:27.551Z
p37,20,1,2026-09-01T04:18:27.674Z
p37,21,-1,2026-09-01T04:18:27.829Z
p37,22,1,2026-09-01T04:18:28.027Z
p37,23,1,2026-09-01T04:18:28.188Z
p37,24,1,2026-09-01T04:18:28.338Z
p38,1,1,2026-09-01T04:18:24.823Z
p38,2,1,2026-09-01T04:18:24.986Z
p38,3,1,2026-09-01T04:18:25.097Z
p38,4,0,2026-09-01T04:18:25.230Z
p38,5,0,2026-09-01T04:18:25.379Z
p38,6,-1,2026-09-01T04:18:25.544Z
p38,7,1,2026-09-01T04:18:25.652Z
p38,8,-1,2026-09-01T04:18:25.755Z
p38,9,1,2026-09-01T04:18:25.863Z
p38,10,1,2026-09-01T04:18:25.983Z
p38,11,1,2026-09-01T04:18:26.105Z
p38,12,1,2026-09-01T04:18:26.259Z
p38,13,-1,2026-09-01T04:18:26.453Z
p38,14,0,2026-09-01T04:18:26.631Z
p38,15,1,2026-09-01T04:18:26.826Z
p38,16,1,2026-09-01T04:18:27.005Z
p38,17,1,2026-09-01T04:18:27.176Z
p38,18,1,2026-09-01T04:18:27.340Z
p38,19,-1,2026-09-01T04:18:27.490Z
p38,20,0,2026-09-01T04:18:27.612Z
p38,21,0,2026-09-01T04:18:27.771Z
p38,22,0,2026-09-01T04:18:27.932Z
p38,23,0,2026-09-01T04:18:28.097Z
p38,24,1,2026-09-01T04:18:28.273Z
p39,1,-1,2026-09-01T04:18:24.828Z
p39,2,1,2026-09-01T04:18:25.028Z
p39,3,1,2026-09-01T04:18:25.226Z
p39,4,0,2026-09-01T04:18:25.375Z
p39,5,1,2026-09-01T04:18:25.485Z
p39,6,0,2026-09-01T04:18:25.648Z
p39,7,1,2026-09-01T04:18:25.849Z
p39,8,1,2026-09-01T04:18:26.046Z
p39,9,-1,2026-09-01T04:18:26.232Z
p39,10,1,2026-09-01T04:18:26.363Z
p39,11,1,2026-09-01T04:18:26.516Z
p39,12,-1,2026-09-01T04:18:26.721Z
p39,13,-1,2026-09-01T04:18:26.891Z
p39,14,0,2026-09-01T04:18:27.039Z
p39,15,1,2026-09-01T04:18:27.186Z
p39,16,1,2026-09-01T04:18:27.308Z
p39,17,-1,2026-09-01T04:18:27.426Z
p39,18,1,2026-09-01T04:18:27.583Z
p39,19,-1,2026-09-01T04:18:27.740Z
p39,20,-1,2026-09-01T04:18:27.866Z
p39,21,0,2026-09-01T04:18:28.032Z
p39,22,-1,2026-09-01T04:18:28.188Z
p39,23,1,2026-09-01T04:18:28.342Z
p39,24,1,2026-09-01T04:18:28.503Z
p40,1,1,2026-09-01T04:18:25.485Z
p40,2,1,2026-09-01T04:18:25.647Z
p40,3,1,2026-09-01T04:18:25.802Z
p40,4,-1,2026-09-01T04:18:25.921Z
p40,5,1,2026-09-01T04:18:26.043Z
p40,6,-1,2026-09-01T04:18:26.169Z
p40,7,1,2026-09-01T04:18:26.295Z
p40,8,0,2026-09-01T04:18:26.449Z
p40,9,0,2026-09-01T04:18:26.603Z
p40,10,1,2026-09-01T04:18:26.737Z
p40,11,1,2026-09-01T04:18:26.894Z
p40,12,-1,2026-09-01T04:18:27.048Z
p40,13,-1,2026-09-01T04:18:27.186Z
p40,14,1,2026-09-01T04:18:27.340Z
p40,15,0,2026-09-01T04:18:27.520Z
p40,16,1,2026-09-01T04:18:27.702Z
p40,17,0,2026-09-01T04:18:27.866Z
p40,18,1,2026-09-01T04:18:28.002Z
p40,19,-1,2026-09-01T04:18:28.160Z
p40,20,1,2026-09-01T04:18:28.341Z
p40,21,0,2026-09-01T04:18:28.504Z
p40,22,1,2026-09-01T04:18:28.634Z
p40,23,1,2026-09-01T04:18:28.785Z
p40,24,1,2026-09-01T04:18:28.885Z
p41,1,1,2026-09-01T04:18:27.673Z
p41,2,1,2026-09-01T04:18:27.801Z
p41,3,-1,2026-09-01T04:18:27.932Z
p41,4,0,2026-09-01T04:18:28.097Z
p41,5,1,2026-09-01T04:18:28.272Z
p41,6,1,2026-09-01T04:18:28.442Z
p41,7,1,2026-09-01T04:18:28.594Z
p41,8,1,2026-09-01T04:18:28.722Z
p41,9,0,2026-09-01T04:18:28.875Z
p41,10,0,2026-09-01T04:18:29.032Z
p41,11,1,2026-09-01T04:18:29.158Z
p41,12,-1,2026-09-01T04:18:29.299Z
p41,13,0,2026-09-01T04:18:29.456Z
p41,14,1,2026-09-01T04:18:29.609Z
p41,15,1,2026-09-01T04:18:29.709Z
p41,16,-1,2026-09-01T04:18:29.840Z
p41,17,-1,2026-09-01T04:18:29.998Z
p41,18,1,2026-09-01T04:18:30.132Z
p41,19,0,2026-09-01T04:18:30.269Z
p41,20,1,2026-09-01T04:18:30.412Z
p41,21,1,2026-09-01T04:18:30.543Z
p41,22,1,2026-09-01T04:18:30.716Z
p41,23,1,2026-09-01T04:18:30.884Z
p41,24,1,2026-09-01T04:18:31.055Z
p42,1,1,2026-09-01T04:18:27.794Z
p42,2,1,2026-09-01T04:18:27.938Z
p42,3,1,2026-09-01T04:18:28.065Z
p42,4,1,2026-09-01T04:18:28.188Z
p42,5,1,2026-09-01T04:18:28.338Z
p42,6,-1,2026-09-01T04:18:28.500Z
p42,7,1,2026-09-01T04:18:28.689Z
p42,8,1,2026-09-01T04:18:28.878Z
p42,9,1,2026-09-01T04:18:29.039Z
p42,10,1,2026-09-01T04:18:29.166Z
p42,11,1,2026-09-01T04:18:29.301Z
p42,12,-1,2026-09-01T04:18:29.458Z
p42,13,-1,2026-09-01T04:18:29.639Z
p42,14,1,2026-09-01T04:18:29.827Z
p42,15,1,2026-09-01T04:18:29.963Z
p42,16,-1,2026-09-01T04:18:30.116Z
p42,17,1,2026-09-01T04:18:30.300Z
p42,18,1,2026-09-01T04:18:30.474Z
p42,19,0,2026-09-01T04:18:30.602Z
p42,20,1,2026-09-01T04:18:30.708Z
p42,21,-1,2026-09-01T04:18:30.879Z
p42,22,1,2026-09-01T04:18:31.118Z
p42,23,0,2026-09-01T04:18:31.277Z
p42,24,1,2026-09-01T04:18:31.393Z
p43,1,1,2026-09-01T04:18:27.994Z
p43,2,-1,2026-09-01T04:18:28.128Z
p43,3,1,2026-09-01T04:18:28.247Z
p43,4,0,2026-09-01T04:18:28.353Z
p43,5,0,2026-09-01T04:18:28.467Z
p43,6,-1,2026-09-01T04:18:28.626Z
p43,7,0,2026-09-01T04:18:28.816Z
p43,8,0,2026-09-01T04:18:28.970Z
p43,9,1,2026-09-01T04:18:29.130Z
p43,10,0,2026-09-01T04:18:29.299Z
p43,11,1,2026-09-01T04:18:29.460Z
p43,12,-1,2026-09-01T04:18:29.607Z
p43,13,-1,2026-09-01T04:18:29.796Z
p43,14,0,2026-09-01T04:18:29.994Z
p43,15,1,2026-09-01T04:18:30.129Z
p43,16,-1,2026-09-01T04:18:30.271Z
p43,17,-1,2026-09-01T04:18:30.414Z
p43,18,0,2026-09-01T04:18:30.621Z
p43,19,1,2026-09-01T04:18:30.791Z
p43,20,1,2026-09-01T04:18:30.903Z
p43,21,1,2026-09-01T04:18:31.044Z
p43,22,0,2026-09-01T04:18:31.241Z
p43,23,-1,2026-09-01T04:18:31.393Z
p43,24,1,2026-09-01T04:18:31.498Z
p44,1,1,2026-09-01T04:18:28.215Z
p44,2,0,2026-09-01T04:18:28.377Z
p44,3,1,2026-09-01T04:18:28.531Z
p44,4,1,2026-09-01T04:18:28.660Z
p44,5,0,2026-09-01T04:18:28.817Z
p44,6,0,2026-09-01T04:18:29.002Z
p44,7,1,2026-09-01T04:18:29.166Z
p44,8,1,2026-09-01T04:18:29.299Z
p44,9,0,2026-09-01T04:18:29.428Z
p44,10,1,2026-09-01T04:18:29.550Z
p44,11,1,2026-09-01T04:18:29.702Z
p44,12,-1,2026-09-01T04:18:29.892Z
p44,13,-1,2026-09-01T04:18:30.056Z
p44,14,-1,2026-09-01T04:18:30.193Z
p44,15,0,2026-09-01T04:18:30.319Z
p44,16,1,2026-09-01T04:18:30.480Z
p44,17,1,2026-09-01T04:18:30.634Z
p44,18,1,2026-09-01T04:18:30.790Z
p44,19,-1,2026-09-01T04:18:30.903Z
p44,20,0,2026-09-01T04:18:31.016Z
p44,21,0,2026-09-01T04:18:31.180Z
p44,22,0,2026-09-01T04:18:31.368Z
p44,23,1,2026-09-01T04:18:31.534Z
p44,24,1,2026-09-01T04:18:31.711Z
p45,1,-1,2026-09-01T04:18:28.410Z
p45,2,1,2026-09-01T04:18:28.530Z
p45,3,0,2026-09-01T04:18:28.661Z
p45,4,-1,2026-09-01T04:18:28.784Z
p45,5,-1,2026-09-01T04:18:28.913Z
p45,6,-1,2026-09-01T04:18:29.066Z
p45,7,1,2026-09-01T04:18:29.229Z
p45,8,-1,2026-09-01T04:18:29.424Z
p45,9,1,2026-09-01T04:18:29.612Z
p45,10,-1,2026-09-01T04:18:29.798Z
p45,11,1,2026-09-01T04:18:29.963Z
p45,12,-1,2026-09-01T04:18:30.117Z
p45,13,0,2026-09-01T04:18:30.270Z
p45,14,0,2026-09-01T04:18:30.413Z
p45,15,1,2026-09-01T04:18:30.572Z
p45,16,-1,2026-09-01T04:18:30.697Z
p45,17,-1,2026-09-01T04:18:30.840Z
p45,18,1,2026-09-01T04:18:31.022Z
p45,19,1,2026-09-01T04:18:31.213Z
p45,20,1,2026-09-01T04:18:31.395Z
p45,21,1,2026-09-01T04:18:31.562Z
p45,22,1,2026-09-01T04:18:31.682Z
p45,23,1,2026-09-01T04:18:31.809Z
p45,24,0,2026-09-01T04:18:31.914Z
p46,1,0,2026-09-01T04:18:28.495Z
p46,2,1,2026-09-01T04:18:28.692Z
p46,3,0,2026-09-01T04:18:28.875Z
p46,4,1,2026-09-01T04:18:29.038Z
p46,5,1,2026-09-01T04:18:29.167Z
p46,6,0,2026-09-01T04:18:29.299Z
p46,7,1,2026-09-01T04:18:29.456Z
p46,8,-1,2026-09-01T04:18:29.608Z
p46,9,1,2026-09-01T04:18:29.736Z
p46,10,1,2026-09-01T04:18:29.898Z
p46,11,1,2026-09-01T04:18:30.022Z
p46,12,-1,2026-09-01T04:18:30.131Z
p46,13,-1,2026-09-01T04:18:30.269Z
p46,14,-1,2026-09-01T04:18:30.386Z
p46,15,1,2026-09-01T04:18:30.523Z
p46,16,-1,2026-09-01T04:18:30.692Z
p46,17,0,2026-09-01T04:18:30.840Z
p46,18,1,2026-09-01T04:18:30.990Z
p46,19,1,2026-09-01T04:18:31.151Z
p46,20,1,2026-09-01T04:18:31.335Z
p46,21,1,2026-09-01T04:18:31.524Z
p46,22,1,2026-09-01T04:18:31.683Z
p46,23,0,2026-09-01T04:18:31.810Z
p46,24,1,2026-09-01T04:18:31.986Z
p47,1,1,2026-09-01T04:18:28.604Z
p47,2,1,2026-09-01T04:18:28.723Z
p47,3,1,2026-09-01T04:18:28.878Z
p47,4,-1,2026-09-01T04:18:29.039Z
p47,5,1,2026-09-01T04:18:29.139Z
p47,6,-1,2026-09-01T04:18:29.241Z
p47,7,-1,2026-09-01T04:18:29.365Z
p47,8,1,2026-09-01T04:18:29.515Z
p47,9,1,2026-09-01T04:18:29.699Z
p47,10,1,2026-09-01T04:18:29.860Z
p47,11,1,2026-09-01T04:18:29.990Z
p47,12,-1,2026-09-01T04:18:30.149Z
p47,13,-1,2026-09-01T04:18:30.287Z
p47,14,0,2026-09-01T04:18:30.400Z
p47,15,-1,2026-09-01T04:18:30.575Z
p47,16,0,2026-09-01T04:18:30.747Z
p47,17,1,2026-09-01T04:18:30.932Z
p47,18,1,2026-09-01T04:18:31.086Z
p47,19,1,2026-09-01T04:18:31.239Z
p47,20,1,2026-09-01T04:18:31.421Z
p47,21,0,2026-09-01T04:18:31.620Z
p47,22,1,2026-09-01T04:18:31.770Z
p47,23,0,2026-09-01T04:18:31.896Z
p47,24,1,2026-09-01T04:18:32.062Z
p48,1,1,2026-09-01T04:18:28.982Z
p48,2,1,2026-09-01T04:18:29.134Z
p48,3,1,2026-09-01T04:18:29.330Z
p48,4,1,2026-09-01T04:18:29.486Z
p48,5,0,2026-09-01T04:18:29.608Z
p48,6,-1,2026-09-01T04:18:29.741Z
p48,7,1,2026-09-01T04:18:29.898Z
p48,8,-1,2026-09-01T04:18:30.050Z
p48,9,-1,2026-09-01T04:18:30.212Z
p48,10,1,2026-09-01T04:18:30.381Z
p48,11,1,2026-09-01T04:18:30.575Z
p48,12,1,2026-09-01T04:18:30.732Z
p48,13,0,2026-09-01T04:18:30.904Z
p48,14,1,2026-09-01T04:18:31.055Z
p48,15,0,2026-09-01T04:18:31.180Z
p48,16,1,2026-09-01T04:18:31.304Z
p48,17,0,2026-09-01T04:18:31.431Z
p48,18,1,2026-09-01T04:18:31.562Z
p48,19,1,2026-09-01T04:18:31.683Z
p48,20,1,2026-09-01T04:18:31.837Z
p48,21,-1,2026-09-01T04:18:31.973Z
p48,22,1,2026-09-01T04:18:32.093Z
p48,23,0,2026-09-01T04:18:32.214Z
p48,24,1,2026-09-01T04:18:32.430Z
p49,1,1,2026-09-01T04:18:31.181Z
p49,2,1,2026-09-01T04:18:31.304Z
p49,3,1,2026-09-01T04:18:31.431Z
p49,4,1,2026-09-01T04:18:31.594Z
p49,5,1,2026-09-01T04:18:31.745Z
p49,6,-1,2026-09-01T04:18:31.890Z
p49,7,1,2026-09-01T04:18:32.031Z
p49,8,1,2026-09-01T04:18:32.151Z
p49,9,1,2026-09-01T04:18:32.338Z
p49,10,1,2026-09-01T04:18:32.439Z
p49,11,1,2026-09-01T04:18:32.564Z
p49,12,-1,2026-09-01T04:18:32.727Z
p49,13,-1,2026-09-01T04:18:32.931Z
p49,14,-1,2026-09-01T04:18:33.098Z
p49,15,1,2026-09-01T04:18:33.292Z
p49,16,0,2026-09-01T04:18:33.469Z
p49,17,0,2026-09-01T04:18:33.594Z
p49,18,1,2026-09-01T04:18:33.754Z
p49,19,1,2026-09-01T04:18:33.887Z
p49,20,1,2026-09-01T04:18:34.021Z
p49,21,1,2026-09-01T04:18:34.201Z
p49,22,1,2026-09-01T04:18:34.393Z
p49,23,1,2026-09-01T04:18:34.565Z
p49,24,1,2026-09-01T04:18:34.717Z
p50,1,1,2026-09-01T04:18:31.524Z
p50,2,0,2026-09-01T04:18:31.714Z
p50,3,-1,2026-09-01T04:18:31.906Z
p50,4,1,2026-09-01T04:18:32.079Z
p50,5,1,2026-09-01T04:18:32.268Z
p50,6,-1,2026-09-01T04:18:32.471Z
p50,7,1,2026-09-01T04:18:32.659Z
p50,8,-1,2026-09-01T04:18:32.815Z
p50,9,0,2026-09-01T04:18:32.941Z
p50,10,-1,2026-09-01T04:18:33.066Z
p50,11,-1,2026-09-01T04:18:33.226Z
p50,12,-1,2026-09-01T04:18:33.407Z
p50,13,-1,2026-09-01T04:18:33.561Z
p50,14,0,2026-09-01T04:18:33.662Z
p50,15,-1,2026-09-01T04:18:33.820Z
p50,16,-1,2026-09-01T04:18:33.969Z
p50,17,-1,2026-09-01T04:18:34.112Z
p50,18,1,2026-09-01T04:18:34.233Z
p50,19,-1,2026-09-01T04:18:34.390Z
p50,20,1,2026-09-01T04:18:34.588Z
p50,21,0,2026-09-01T04:18:34.745Z
p50,22,-1,2026-09-01T04:18:34.904Z
p50,23,-1,2026-09-01T04:18:35.075Z
p50,24,1,2026-09-01T04:18:35.213Z
p51,1,1,2026-09-01T04:18:31.684Z
p51,2,1,2026-09-01T04:18:31.831Z
p51,3,1,2026-09-01T04:18:31.965Z
p51,4,-1,2026-09-01T04:18:32.124Z
p51,5,1,2026-09-01T04:18:32.337Z
p51,6,-1,2026-09-01T04:18:32.477Z
p51,7,1,2026-09-01T04:18:32.627Z
p51,8,-1,2026-09-01T04:18:32.785Z
p51,9,1,2026-09-01T04:18:32.940Z
p51,10,0,2026-09-01T04:18:33.066Z
p51,11,1,2026-09-01T04:18:33.195Z
p51,12,-1,2026-09-01T04:18:33.322Z
p51,13,-1,2026-09-01T04:18:33.441Z
p51,14,1,2026-09-01T04:18:33.592Z
p51,15,1,2026-09-01T04:18:33.736Z
p51,16,1,2026-09-01T04:18:33.901Z
p51,17,-1,2026-09-01T04:18:34.105Z
p51,18,1,2026-09-01T04:18:34.278Z
p51,19,0,2026-09-01T04:18:34.389Z
p51,20,1,2026-09-01T04:18:34.496Z
p51,21,1,2026-09-01T04:18:34.659Z
p51,22,1,2026-09-01T04:18:34.810Z
p51,23,1,2026-09-01T04:18:34.957Z
p51,24,0,2026-09-01T04:18:35.098Z
p52,1,1,2026-09-01T04:18:31.906Z
p52,2,-1,2026-09-01T04:18:32.047Z
p52,3,-1,2026-09-01T04:18:32.220Z
p52,4,1,2026-09-01T04:18:32.468Z
p52,5,1,2026-09-01T04:18:32.627Z
p52,6,-1,2026-09-01T04:18:32.786Z
p52,7,0,2026-09-01T04:18:32.971Z
p52,8,-1,2026-09-01T04:18:33.158Z
p52,9,1,2026-09-01T04:18:33.353Z
p52,10,1,2026-09-01T04:18:33.530Z
p52,11,1,2026-09-01T04:18:33.667Z
p52,12,1,2026-09-01T04:18:33.823Z
p52,13,-1,2026-09-01T04:18:33.990Z
p52,14,1,2026-09-01T04:18:34.171Z
p52,15,0,2026-09-01T04:18:34.304Z
p52,16,1,2026-09-01T04:18:34.440Z
p52,17,-1,2026-09-01T04:18:34.600Z
p52,18,0,2026-09-01T04:18:34.745Z
p52,19,1,2026-09-01T04:18:34.903Z
p52,20,-1,2026-09-01T04:18:35.037Z
p52,21,1,2026-09-01T04:18:35.184Z
p52,22,-1,2026-09-01T04:18:35.363Z
p52,23,1,2026-09-01T04:18:35.546Z
p52,24,-1,2026-09-01T04:18:35.734Z
p53,1,1,2026-09-01T04:18:32.076Z
p53,2,-1,2026-09-01T04:18:32.265Z
p53,3,0,2026-09-01T04:18:32.469Z
p53,4,0,2026-09-01T04:18:32.627Z
p53,5,1,2026-09-01T04:18:32.754Z
p53,6,1,2026-09-01T04:18:32.877Z
p53,7,-1,2026-09-01T04:18:33.036Z
p53,8,1,2026-09-01T04:18:33.195Z
p53,9,1,2026-09-01T04:18:33.350Z
p53,10,1,2026-09-01T04:18:33.531Z
p53,11,0,2026-09-01T04:18:33.701Z
p53,12,1,2026-09-01T04:18:33.869Z
p53,13,1,2026-09-01T04:18:34.018Z
p53,14,1,2026-09-01T04:18:34.169Z
p53,15,1,2026-09-01T04:18:34.296Z
p53,16,1,2026-09-01T04:18:34.406Z
p53,17,1,2026-09-01T04:18:34.508Z
p53,18,1,2026-09-01T04:18:34.656Z
p53,19,-1,2026-09-01T04:18:34.809Z
p53,20,1,2026-09-01T04:18:34.929Z
p53,21,1,2026-09-01T04:18:35.061Z
p53,22,1,2026-09-01T04:18:35.250Z
p53,23,1,2026-09-01T04:18:35.452Z
p53,24,-1,2026-09-01T04:18:35.608Z
p54,1,-1,2026-09-01T04:18:32.180Z
p54,2,-1,2026-09-01T04:18:32.374Z
p54,3,-1,2026-09-01T04:18:32.505Z
p54,4,0,2026-09-01T04:18:32.658Z
p54,5,-1,2026-09-01T04:18:32.817Z
p54,6,1,2026-09-01T04:18:32.940Z
p54,7,0,2026-09-01T04:18:33.097Z
p54,8,1,2026-09-01T04:18:33.261Z
p54,9,1,2026-09-01T04:18:33.407Z
p54,10,1,2026-09-01T04:18:33.562Z
p54,11,1,2026-09-01T04:18:33.702Z
p54,12,-1,2026-09-01T04:18:33.907Z
p54,13,1,2026-09-01T04:18:34.079Z
p54,14,0,2026-09-01T04:18:34.215Z
p54,15,-1,2026-09-01T04:18:34.390Z
p54,16,1,2026-09-01T04:18:34.556Z
p54,17,1,2026-09-01T04:18:34.685Z
p54,18,1,2026-09-01T04:18:34.809Z
p54,19,1,2026-09-01T04:18:34.960Z
p54,20,0,2026-09-01T04:18:35.137Z
p54,21,1,2026-09-01T04:18:35.269Z
p54,22,-1,2026-09-01T04:18:35.447Z
p54,23,0,2026-09-01T04:18:35.639Z
p54,24,-1,2026-09-01T04:18:35.837Z
p55,1,1,2026-09-01T04:18:32.215Z
p55,2,-1,2026-09-01T04:18:32.427Z
p55,3,-1,2026-09-01T04:18:32.564Z
p55,4,1,2026-09-01T04:18:32.695Z
p55,5,0,2026-09-01T04:18:32.843Z
p55,6,1,2026-09-01T04:18:33.004Z
p55,7,0,2026-09-01T04:18:33.131Z
p55,8,-1,2026-09-01T04:18:33.260Z
p55,9,1,2026-09-01T04:18:33.379Z
p55,10,1,2026-09-01T04:18:33.526Z
p55,11,0,2026-09-01T04:18:33.679Z
p55,12,1,2026-09-01T04:18:33.810Z
p55,13,1,2026-09-01T04:18:33.929Z
p55,14,-1,2026-09-01T04:18:34.081Z
p55,15,0,2026-09-01T04:18:34.233Z
p55,16,1,2026-09-01T04:18:34.393Z
p55,17,1,2026-09-01T04:18:34.603Z
p55,18,1,2026-09-01T04:18:34.744Z
p55,19,1,2026-09-01T04:18:34.904Z
p55,20,-1,2026-09-01T04:18:35.036Z
p55,21,1,2026-09-01T04:18:35.187Z
p55,22,0,2026-09-01T04:18:35.356Z
p55,23,-1,2026-09-01T04:18:35.515Z
p55,24,-1,2026-09-01T04:18:35.707Z
p56,1,1,2026-09-01T04:18:32.604Z
p56,2,-1,2026-09-01T04:18:32.754Z
p56,3,-1,2026-09-01T04:18:32.907Z
p56,4,1,2026-09-01T04:18:33.066Z
p56,5,-1,2026-09-01T04:18:33.195Z
p56,6,1,2026-09-01T04:18:33.354Z
p56,7,0,2026-09-01T04:18:33.499Z
p56,8,1,2026-09-01T04:18:33.655Z
p56,9,1,2026-09-01T04:18:33.811Z
p56,10,1,2026-09-01T04:18:33.929Z
p56,11,1,2026-09-01T04:18:34.053Z
p56,12,1,2026-09-01T04:18:34.170Z
p56,13,0,2026-09-01T04:18:34.296Z
p56,14,1,2026-09-01T04:18:34.404Z
p56,15,1,2026-09-01T04:18:34.509Z
p56,16,1,2026-09-01T04:18:34.629Z
p56,17,1,2026-09-01T04:18:34.744Z
p56,18,1,2026-09-01T04:18:34.872Z
p56,19,1,2026-09-01T04:18:35.018Z
p56,20,1,2026-09-01T04:18:35.158Z
p56,21,1,2026-09-01T04:18:35.297Z
p56,22,1,2026-09-01T04:18:35.426Z
p56,23,0,2026-09-01T04:18:35.576Z
p56,24,-1,2026-09-01T04:18:35.706Z
p57,1,1,2026-09-01T04:18:34.900Z
p57,2,-1,2026-09-01T04:18:35.030Z
p57,3,-1,2026-09-01T04:18:35.156Z
p57,4,1,2026-09-01T04:18:35.298Z
p57,5,-1,2026-09-01T04:18:35.430Z
p57,6,1,2026-09-01T04:18:35.608Z
p57,7,0,2026-09-01T04:18:35.743Z
p57,8,1,2026-09-01T04:18:35.898Z
p57,9,1,2026-09-01T04:18:36.027Z
p57,10,0,2026-09-01T04:18:36.129Z
p57,11,1,2026-09-01T04:18:36.278Z
p57,12,1,2026-09-01T04:18:36.433Z
p57,13,1,2026-09-01T04:18:36.589Z
p57,14,1,2026-09-01T04:18:36.762Z
p57,15,-1,2026-09-01T04:18:36.868Z
p57,16,0,2026-09-01T04:18:37.038Z
p57,17,1,2026-09-01T04:18:37.226Z
p57,18,1,2026-09-01T04:18:37.374Z
p57,19,1,2026-09-01T04:18:37.499Z
p57,20,0,2026-09-01T04:18:37.664Z
p57,21,1,2026-09-01T04:18:37.821Z
p57,22,1,2026-09-01T04:18:37.954Z
p57,23,1,2026-09-01T04:18:38.093Z
p57,24,-1,2026-09-01T04:18:38.239Z
p58,1,-1,2026-09-01T04:18:35.240Z
p58,2,-1,2026-09-01T04:18:35.358Z
p58,3,0,2026-09-01T04:18:35.519Z
p58,4,1,2026-09-01T04:18:35.699Z
p58,5,1,2026-09-01T04:18:35.879Z
p58,6,1,2026-09-01T04:18:36.018Z
p58,7,1,2026-09-01T04:18:36.183Z
p58,8,1,2026-09-01T04:18:36.341Z
p58,9,1,2026-09-01T04:18:36.527Z
p58,10,-1,2026-09-01T04:18:36.693Z
p58,11,1,2026-09-01T04:18:36.855Z
p58,12,1,2026-09-01T04:18:37.012Z
p58,13,-1,2026-09-01T04:18:37.193Z
p58,14,1,2026-09-01T04:18:37.373Z
p58,15,1,2026-09-01T04:18:37.563Z
p58,16,1,2026-09-01T04:18:37.727Z
p58,17,1,2026-09-01T04:18:37.829Z
p58,18,1,2026-09-01T04:18:37.972Z
p58,19,1,2026-09-01T04:18:38.124Z
p58,20,0,2026-09-01T04:18:38.334Z
p58,21,1,2026-09-01T04:18:38.494Z
p58,22,-1,2026-09-01T04:18:38.613Z
p58,23,1,2026-09-01T04:18:38.770Z
p58,24,0,2026-09-01T04:18:38.927Z
p59,1,1,2026-09-01T04:18:35.365Z
p59,2,0,2026-09-01T04:18:35.545Z
p59,3,-1,2026-09-01T04:18:35.706Z
p59,4,-1,2026-09-01T04:18:35.851Z
p59,5,1,2026-09-01T04:18:36.016Z
p59,6,-1,2026-09-01T04:18:36.186Z
p59,7,1,2026-09-01T04:18:36.341Z
p59,8,1,2026-09-01T04:18:36.528Z
p59,9,-1,2026-09-01T04:18:36.669Z
p59,10,1,2026-09-01T04:18:36.773Z
p59,11,0,2026-09-01T04:18:36.917Z
p59,12,1,2026-09-01T04:18:37.043Z
p59,13,1,2026-09-01T04:18:37.162Z
p59,14,1,2026-09-01T04:18:37.288Z
p59,15,-1,2026-09-01T04:18:37.438Z
p59,16,1,2026-09-01T04:18:37.572Z
p59,17,-1,2026-09-01T04:18:37.726Z
p59,18,-1,2026-09-01T04:18:37.891Z
p59,19,0,2026-09-01T04:18:38.030Z
p59,20,0,2026-09-01T04:18:38.187Z
p59,21,-1,2026-09-01T04:18:38.336Z
p59,22,-1,2026-09-01T04:18:38.523Z
p59,23,0,2026-09-01T04:18:38.678Z
p59,24,-1,2026-09-01T04:18:38.800Z
p60,1,-1,2026-09-01T04:18:35.707Z
p60,2,-1,2026-09-01T04:18:35.816Z
p60,3,-1,2026-09-01T04:18:35.971Z
p60,4,1,2026-09-01T04:18:36.115Z
p60,5,1,2026-09-01T04:18:36.277Z
p60,6,1,2026-09-01T04:18:36.431Z
p60,7,-1,2026-09-01T04:18:36.558Z
p60,8,1,2026-09-01T04:18:36.699Z
p60,9,1,2026-09-01T04:18:36.887Z
p60,10,1,2026-09-01T04:18:37.072Z
p60,11,-1,2026-09-01T04:18:37.222Z
p60,12,1,2026-09-01T04:18:37.344Z
p60,13,-1,2026-09-01T04:18:37.470Z
p60,14,1,2026-09-01T04:18:37.576Z
p60,15,-1,2026-09-01T04:18:37.725Z
p60,16,-1,2026-09-01T04:18:37.923Z
p60,17,-1,2026-09-01T04:18:38.093Z
p60,18,-1,2026-09-01T04:18:38.243Z
p60,19,1,2026-09-01T04:18:38.402Z
p60,20,-1,2026-09-01T04:18:38.583Z
p60,21,1,2026-09-01T04:18:38.739Z
p60,22,1,2026-09-01T04:18:38.857Z
p60,23,-1,2026-09-01T04:18:38.990Z
p60,24,-1,2026-09-01T04:18:39.122Z
p61,1,1,2026-09-01T04:18:35.819Z
p61,2,0,2026-09-01T04:18:35.990Z
p61,3,-1,2026-09-01T04:18:36.125Z
p61,4,1,2026-09-01T04:18:36.249Z
p61,5,1,2026-09-01T04:18:36.373Z
p61,6,-1,2026-09-01T04:18:36.526Z
p61,7,0,2026-09-01T04:18:36.662Z
p61,8,1,2026-09-01T04:18:36.797Z
p61,9,-1,2026-09-01T04:18:36.949Z
p61,10,1,2026-09-01T04:18:37.075Z
p61,11,1,2026-09-01T04:18:37.221Z
p61,12,1,2026-09-01T04:18:37.345Z
p61,13,0,2026-09-01T04:18:37.498Z
p61,14,0,2026-09-01T04:18:37.632Z
p61,15,-1,2026-09-01T04:18:37.756Z
p61,16,1,2026-09-01T04:18:37.920Z
p61,17,0,2026-09-01T04:18:38.093Z
p61,18,0,2026-09-01T04:18:38.211Z
p61,19,1,2026-09-01T04:18:38.339Z
p61,20,0,2026-09-01T04:18:38.492Z
p61,21,1,2026-09-01T04:18:38.649Z
p61,22,1,2026-09-01T04:18:38.765Z
p61,23,-1,2026-09-01T04:18:38.946Z
p61,24,0,2026-09-01T04:18:39.084Z
p62,1,0,2026-09-01T04:18:35.881Z
p62,2,-1,2026-09-01T04:18:36.015Z
p62,3,-1,2026-09-01T04:18:36.183Z
p62,4,0,2026-09-01T04:18:36.314Z
p62,5,1,2026-09-01T04:18:36.463Z
p62,6,1,2026-09-01T04:18:36.687Z
p62,7,-1,2026-09-01T04:18:36.855Z
p62,8,1,2026-09-01T04:18:36.981Z
p62,9,1,2026-09-01T04:18:37.105Z
p62,10,1,2026-09-01T04:18:37.253Z
p62,11,0,2026-09-01T04:18:37.407Z
p62,12,0,2026-09-01T04:18:37.560Z
p62,13,1,2026-09-01T04:18:37.759Z
p62,14,1,2026-09-01T04:18:37.914Z
p62,15,-1,2026-09-01T04:18:38.062Z
p62,16,1,2026-09-01T04:18:38.211Z
p62,17,1,2026-09-01T04:18:38.340Z
p62,18,-1,2026-09-01T04:18:38.461Z
p62,19,0,2026-09-01T04:18:38.616Z
p62,20,1,2026-09-01T04:18:38.793Z
p62,21,1,2026-09-01T04:18:38.992Z
p62,22,1,2026-09-01T04:18:39.145Z
p62,23,1,2026-09-01T04:18:39.296Z
p62,24,-1,2026-09-01T04:18:39.451Z
p63,1,1,2026-09-01T04:18:35.899Z
p63,2,-1,2026-09-01T04:18:36.057Z
p63,3,1,2026-09-01T04:18:36.187Z
p63,4,0,2026-09-01T04:18:36.313Z
p63,5,0,2026-09-01T04:18:36.432Z
p63,6,1,2026-09-01T04:18:36.559Z
p63,7,-1,2026-09-01T04:18:36.697Z
p63,8,1,2026-09-01T04:18:36.855Z
p63,9,1,2026-09-01T04:18:37.008Z
p63,10,1,2026-09-01T04:18:37.162Z
p63,11,1,2026-09-01T04:18:37.316Z
p63,12,1,2026-09-01T04:18:37.502Z
p63,13,1,2026-09-01T04:18:37.682Z
p63,14,0,2026-09-01T04:18:37.853Z
p63,15,1,2026-09-01T04:18:38.018Z
p63,16,1,2026-09-01T04:18:38.151Z
p63,17,1,2026-09-01T04:18:38.275Z
p63,18,1,2026-09-01T04:18:38.430Z
p63,19,1,2026-09-01T04:18:38.584Z
p63,20,0,2026-09-01T04:18:38.707Z
p63,21,1,2026-09-01T04:18:38.865Z
p63,22,1,2026-09-01T04:18:39.012Z
p63,23,1,2026-09-01T04:18:39.177Z
p63,24,-1,2026-09-01T04:18:39.360Z
p64,1,0,2026-09-01T04:18:36.006Z
p64,2,-1,2026-09-01T04:18:36.211Z
p64,3,-1,2026-09-01T04:18:36.373Z
p64,4,1,2026-09-01T04:18:36.495Z
p64,5,-1,2026-09-01T04:18:36.652Z
p64,6,1,2026-09-01T04:18:36.792Z
p64,7,1,2026-09-01T04:18:36.981Z
p64,8,0,2026-09-01T04:18:37.138Z
p64,9,1,2026-09-01T04:18:37.281Z
p64,10,1,2026-09-01T04:18:37.432Z
p64,11,1,2026-09-01T04:18:37.563Z
p64,12,1,2026-09-01T04:18:37.694Z
p64,13,0,2026-09-01T04:18:37.852Z
p64,14,-1,2026-09-01T04:18:38.018Z
p64,15,-1,2026-09-01T04:18:38.151Z
p64,16,1,2026-09-01T04:18:38.276Z
p64,17,1,2026-09-01T04:18:38.433Z
p64,18,0,2026-09-01T04:18:38.584Z
p64,19,0,2026-09-01T04:18:38.734Z
p64,20,-1,2026-09-01T04:18:38.866Z
p64,21,1,2026-09-01T04:18:38.989Z
p64,22,1,2026-09-01T04:18:39.165Z
p64,23,1,2026-09-01T04:18:39.331Z
p64,24,-1,2026-09-01T04:18:39.452Z
p65,1,1,2026-09-01T04:18:38.402Z
p65,2,-1,2026-09-01T04:18:38.551Z
p65,3,-1,2026-09-01T04:18:38.737Z
p65,4,1,2026-09-01T04:18:38.903Z
p65,5,-1,2026-09-01T04:18:39.070Z
p65,6,1,2026-09-01T04:18:39.236Z
p65,7,0,2026-09-01T04:18:39.421Z
p65,8,1,2026-09-01T04:18:39.617Z
p65,9,1,2026-09-01T04:18:39.782Z
p65,10,1,2026-09-01T04:18:39.889Z
p65,11,1,2026-09-01T04:18:40.002Z
p65,12,1,2026-09-01T04:18:40.128Z
p65,13,1,2026-09-01T04:18:40.260Z
p65,14,1,2026-09-01T04:18:40.392Z
p65,15,-1,2026-09-01T04:18:40.572Z
p65,16,1,2026-09-01T04:18:40.773Z
p65,17,1,2026-09-01T04:18:40.924Z
p65,18,-1,2026-09-01T04:18:41.054Z
p65,19,1,2026-09-01T04:18:41.182Z
p65,20,1,2026-09-01T04:18:41.310Z
p65,21,1,2026-09-01T04:18:41.456Z
p65,22,1,2026-09-01T04:18:41.644Z
p65,23,1,2026-09-01T04:18:41.786Z
p65,24,-1,2026-09-01T04:18:41.901Z
p66,1,-1,2026-09-01T04:18:38.955Z
p66,2,-1,2026-09-01T04:18:39.087Z
p66,3,-1,2026-09-01T04:18:39.207Z
p66,4,1,2026-09-01T04:18:39.360Z
p66,5,-1,2026-09-01T04:18:39.547Z
p66,6,1,2026-09-01T04:18:39.721Z
p66,7,-1,2026-09-01T04:18:39.909Z
p66,8,1,2026-09-01T04:18:40.066Z
p66,9,1,2026-09-01T04:18:40.220Z
p66,10,-1,2026-09-01T04:18:40.376Z
p66,11,1,2026-09-01T04:18:40.551Z
p66,12,1,2026-09-01T04:18:40.696Z
p66,13,1,2026-09-01T04:18:40.867Z
p66,14,1,2026-09-01T04:18:41.054Z
p66,15,0,2026-09-01T04:18:41.214Z
p66,16,1,2026-09-01T04:18:41.338Z
p66,17,1,2026-09-01T04:18:41.457Z
p66,18,-1,2026-09-01T04:18:41.629Z
p66,19,1,2026-09-01T04:18:41.812Z
p66,20,1,2026-09-01T04:18:41.996Z
p66,21,1,2026-09-01T04:18:42.178Z
p66,22,0,2026-09-01T04:18:42.335Z
p66,23,1,2026-09-01T04:18:42.492Z
p66,24,0,2026-09-01T04:18:42.623Z
p67,1,1,2026-09-01T04:18:39.083Z
p67,2,-1,2026-09-01T04:18:39.266Z
p67,3,-1,2026-09-01T04:18:39.452Z
p67,4,1,2026-09-01T04:18:39.608Z
p67,5,1,2026-09-01T04:18:39.739Z
p67,6,1,2026-09-01T04:18:39.909Z
p67,7,1,2026-09-01T04:18:40.066Z
p67,8,1,2026-09-01T04:18:40.223Z
p67,9,1,2026-09-01T04:18:40.377Z
p67,10,0,2026-09-01T04:18:40.547Z
p67,11,1,2026-09-01T04:18:40.683Z
p67,12,1,2026-09-01T04:18:40.786Z
p67,13,1,2026-09-01T04:18:40.958Z
p67,14,1,2026-09-01T04:18:41.148Z
p67,15,-1,2026-09-01T04:18:41.342Z
p67,16,1,2026-09-01T04:18:41.516Z
p67,17,1,2026-09-01T04:18:41.657Z
p67,18,0,2026-09-01T04:18:41.791Z
p67,19,1,2026-09-01T04:18:41.928Z
p67,20,-1,2026-09-01T04:18:42.120Z
p67,21,1,2026-09-01T04:18:42.309Z
p67,22,1,2026-09-01T04:18:42.497Z
p67,23,1,2026-09-01T04:18:42.696Z
p67,24,-1,2026-09-01T04:18:42.874Z
p68,1,-1,2026-09-01T04:18:39.259Z
p68,2,-1,2026-09-01T04:18:39.423Z
p68,3,1,2026-09-01T04:18:39.526Z
p68,4,1,2026-09-01T04:18:39.629Z
p68,5,1,2026-09-01T04:18:39.786Z
p68,6,1,2026-09-01T04:18:39.981Z
p68,7,0,2026-09-01T04:18:40.161Z
p68,8,1,2026-09-01T04:18:40.319Z
p68,9,1,2026-09-01T04:18:40.456Z
p68,10,1,2026-09-01T04:18:40.585Z
p68,11,1,2026-09-01T04:18:40.790Z
p68,12,1,2026-09-01T04:18:40.930Z
p68,13,1,2026-09-01T04:18:41.081Z
p68,14,1,2026-09-01T04:18:41.276Z
p68,15,-1,2026-09-01T04:18:41.428Z
p68,16,1,2026-09-01T04:18:41.533Z
p68,17,1,2026-09-01T04:18:41.666Z
p68,18,1,2026-09-01T04:18:41.834Z
p68,19,1,2026-09-01T04:18:41.964Z
p68,20,0,2026-09-01T04:18:42.088Z
p68,21,1,2026-09-01T04:18:42.244Z
p68,22,1,2026-09-01T04:18:42.399Z
p68,23,1,2026-09-01T04:18:42.562Z
p68,24,-1,2026-09-01T04:18:42.730Z
p69,1,1,2026-09-01T04:18:39.266Z
p69,2,-1,2026-09-01T04:18:39.389Z
p69,3,-1,2026-09-01T04:18:39.515Z
p69,4,1,2026-09-01T04:18:39.622Z
p69,5,1,2026-09-01T04:18:39.785Z
p69,6,0,2026-09-01T04:18:39.985Z
p69,7,-1,2026-09-01T04:18:40.129Z
p69,8,1,2026-09-01T04:18:40.302Z
p69,9,1,2026-09-01T04:18:40.483Z
p69,10,1,2026-09-01T04:18:40.675Z
p69,11,1,2026-09-01T04:18:40.854Z
p69,12,-1,2026-09-01T04:18:40.993Z
p69,13,1,2026-09-01T04:18:41.148Z
p69,14,1,2026-09-01T04:18:41.342Z
p69,15,-1,2026-09-01T04:18:41.545Z
p69,16,1,2026-09-01T04:18:41.707Z
p69,17,1,2026-09-01T04:18:41.882Z
p69,18,-1,2026-09-01T04:18:42.059Z
p69,19,1,2026-09-01T04:18:42.179Z
p69,20,-1,2026-09-01T04:18:42.307Z
p69,21,0,2026-09-01T04:18:42.437Z
p69,22,1,2026-09-01T04:18:42.573Z
p69,23,0,2026-09-01T04:18:42.681Z
p69,24,-1,2026-09-01T04:18:42.794Z
p70,1,1,2026-09-01T04:18:39.546Z
p70,2,-1,2026-09-01T04:18:39.692Z
p70,3,-1,2026-09-01T04:18:39.870Z
p70,4,-1,2026-09-01T04:18:40.030Z
p70,5,1,2026-09-01T04:18:40.204Z
p70,6,-1,2026-09-01T04:18:40.370Z
p70,7,0,2026-09-01T04:18:40.540Z
p70,8,1,2026-09-01T04:18:40.710Z
p70,9,1,2026-09-01T04:18:40.854Z
p70,10,1,2026-09-01T04:18:41.025Z
p70,11,-1,2026-09-01T04:18:41.183Z
p70,12,1,2026-09-01T04:18:41.310Z
p70,13,-1,2026-09-01T04:18:41.427Z
p70,14,1,2026-09-01T04:18:41.533Z
p70,15,-1,2026-09-01T04:18:41.636Z
p70,16,1,2026-09-01T04:18:41.770Z
p70,17,1,2026-09-01T04:18:41.926Z
p70,18,-1,2026-09-01T04:18:42.087Z
p70,19,1,2026-09-01T04:18:42.245Z
p70,20,1,2026-09-01T04:18:42.430Z
p70,21,1,2026-09-01T04:18:42.602Z
p70,22,1,2026-09-01T04:18:42.808Z
p70,23,1,2026-09-01T04:18:42.994Z
p70,24,-1,2026-09-01T04:18:43.187Z
p71,1,1,2026-09-01T04:18:39.612Z
p71,2,-1,2026-09-01T04:18:39.753Z
p71,3,0,2026-09-01T04:18:39.878Z
p71,4,1,2026-09-01T04:18:39.983Z
p71,5,0,2026-09-01T04:18:40.161Z
p71,6,1,2026-09-01T04:18:40.371Z
p71,7,-1,2026-09-01T04:18:40.541Z
p71,8,-1,2026-09-01T04:18:40.711Z
p71,9,1,2026-09-01T04:18:40.854Z
p71,10,1,2026-09-01T04:18:41.021Z
p71,11,1,2026-09-01T04:18:41.213Z
p71,12,1,2026-09-01T04:18:41.398Z
p71,13,1,2026-09-01T04:18:41.535Z
p71,14,1,2026-09-01T04:18:41.673Z
p71,15,-1,2026-09-01T04:18:41.835Z
p71,16,1,2026-09-01T04:18:41.997Z
p71,17,1,2026-09-01T04:18:42.182Z
p71,18,-1,2026-09-01T04:18:42.338Z
p71,19,1,2026-09-01T04:18:42.466Z
p71,20,1,2026-09-01T04:18:42.568Z
p71,21,1,2026-09-01T04:18:42.713Z
p71,22,1,2026-09-01T04:18:42.874Z
p71,23,1,2026-09-01T04:18:43.032Z
p71,24,-1,2026-09-01T04:18:43.187Z
p72,1,-1,2026-09-01T04:18:39.615Z
p72,2,-1,2026-09-01T04:18:39.814Z
p72,3,-1,2026-09-01T04:18:40.004Z
p72,4,0,2026-09-01T04:18:40.143Z
p72,5,-1,2026-09-01T04:18:40.280Z
p72,6,-1,2026-09-01T04:18:40.420Z
p72,7,-1,2026-09-01T04:18:40.615Z
p72,8,1,2026-09-01T04:18:40.760Z
p72,9,1,2026-09-01T04:18:40.863Z
p72,10,1,2026-09-01T04:18:40.993Z
p72,11,0,2026-09-01T04:18:41.117Z
p72,12,1,2026-09-01T04:18:41.248Z
p72,13,1,2026-09-01T04:18:41.369Z
p72,14,1,2026-09-01T04:18:41.549Z
p72,15,-1,2026-09-01T04:18:41.721Z
p72,16,1,2026-09-01T04:18:41.879Z
p72,17,-1,2026-09-01T04:18:42.055Z
p72,18,1,2026-09-01T04:18:42.214Z
p72,19,-1,2026-09-01T04:18:42.340Z
p72,20,1,2026-09-01T04:18:42.467Z
p72,21,1,2026-09-01T04:18:42.601Z
p72,22,1,2026-09-01T04:18:42.766Z
p72,23,1,2026-09-01T04:18:42.903Z
p72,24,-1,2026-09-01T04:18:43.063Z
p73,1,0,2026-09-01T04:18:42.024Z
p73,2,-1,2026-09-01T04:18:42.154Z
p73,3,-1,2026-09-01T04:18:42.278Z
p73,4,1,2026-09-01T04:18:42.398Z
p73,5,-1,2026-09-01T04:18:42.561Z
p73,6,1,2026-09-01T04:18:42.704Z
p73,7,-1,2026-09-01T04:18:42.863Z
p73,8,1,2026-09-01T04:18:43.001Z
p73,9,1,2026-09-01T04:18:43.125Z
p73,10,0,2026-09-01T04:18:43.251Z
p73,11,-1,2026-09-01T04:18:43.356Z
p73,12,1,2026-09-01T04:18:43.475Z
p73,13,0,2026-09-01T04:18:43.596Z
p73,14,1,2026-09-01T04:18:43.753Z
p73,15,-1,2026-09-01T04:18:43.938Z
p73,16,1,2026-09-01T04:18:44.083Z
p73,17,-1,2026-09-01T04:18:44.188Z
p73,18,-1,2026-09-01T04:18:44.290Z
p73,19,1,2026-09-01T04:18:44.420Z
p73,20,0,2026-09-01T04:18:44.550Z
p73,21,1,2026-09-01T04:18:44.707Z
p73,22,1,2026-09-01T04:18:44.863Z
p73,23,-1,2026-09-01T04:18:45.058Z
p73,24,-1,2026-09-01T04:18:45.220Z
p74,1,-1,2026-09-01T04:18:42.789Z
p74,2,-1,2026-09-01T04:18:42.938Z
p74,3,-1,2026-09-01T04:18:43.094Z
p74,4,1,2026-09-01T04:18:43.279Z
p74,5,-1,2026-09-01T04:18:43.472Z
p74,6,1,2026-09-01T04:18:43.628Z
p74,7,1,2026-09-01T04:18:43.753Z
p74,8,1,2026-09-01T04:18:43.917Z
p74,9,1,2026-09-01T04:18:44.108Z
p74,10,1,2026-09-01T04:18:44.268Z
p74,11,1,2026-09-01T04:18:44.420Z
p74,12,1,2026-09-01T04:18:44.584Z
p74,13,0,2026-09-01T04:18:44.743Z
p74,14,1,2026-09-01T04:18:44.902Z
p74,15,-1,2026-09-01T04:18:45.025Z
p74,16,0,2026-09-01T04:18:45.122Z
p74,17,1,2026-09-01T04:18:45.259Z
p74,18,-1,2026-09-01T04:18:45.424Z
p74,19,1,2026-09-01T04:18:45.587Z
p74,20,0,2026-09-01T04:18:45.803Z
p74,21,1,2026-09-01T04:18:45.995Z
p74,22,1,2026-09-01T04:18:46.180Z
p74,23,-1,2026-09-01T04:18:46.368Z
p74,24,-1,2026-09-01T04:18:46.549Z
p75,1,-1,2026-09-01T04:18:42.873Z
p75,2,1,2026-09-01T04:18:43.031Z
p75,3,1,2026-09-01T04:18:43.216Z
p75,4,1,2026-09-01T04:18:43.379Z
p75,5,1,2026-09-01T04:18:43.568Z
p75,6,-1,2026-09-01T04:18:43.753Z
p75,7,-1,2026-09-01T04:18:43.910Z
p75,8,1,2026-09-01T04:18:44.013Z
p75,9,1,2026-09-01T04:18:44.176Z
p75,10,1,2026-09-01T04:18:44.326Z
p75,11,1,2026-09-01T04:18:44.468Z
p75,12,0,2026-09-01T04:18:44.649Z
p75,13,1,2026-09-01T04:18:44.770Z
p75,14,1,2026-09-01T04:18:44.902Z
p75,15,0,2026-09-01T04:18:45.058Z
p75,16,1,2026-09-01T04:18:45.251Z
p75,17,1,2026-09-01T04:18:45.425Z
p75,18,-1,2026-09-01T04:18:45.555Z
p75,19,0,2026-09-01T04:18:45.707Z
p75,20,0,2026-09-01T04:18:45.868Z
p75,21,1,2026-09-01T04:18:45.988Z
p75,22,0,2026-09-01T04:18:46.149Z
p75,23,1,2026-09-01T04:18:46.308Z
p75,24,-1,2026-09-01T04:18:46.481Z
p76,1,0,2026-09-01T04:18:42.939Z
p76,2,1,2026-09-01T04:18:43.094Z
p76,3,-1,2026-09-01T04:18:43.274Z
p76,4,1,2026-09-01T04:18:43.413Z
p76,5,0,2026-09-01T04:18:43.537Z
p76,6,1,2026-09-01T04:18:43.659Z
p76,7,-1,2026-09-01T04:18:43.811Z
p76,8,1,2026-09-01T04:18:44.012Z
p76,9,1,2026-09-01T04:18:44.206Z
p76,10,1,2026-09-01T04:18:44.374Z
p76,11,1,2026-09-01T04:18:44.521Z
p76,12,1,2026-09-01T04:18:44.695Z
p76,13,1,2026-09-01T04:18:44.834Z
p76,14,1,2026-09-01T04:18:44.964Z
p76,15,-1,2026-09-01T04:18:45.115Z
p76,16,1,2026-09-01T04:18:45.284Z
p76,17,0,2026-09-01T04:18:45.405Z
p76,18,1,2026-09-01T04:18:45.516Z
p76,19,1,2026-09-01T04:18:45.651Z
p76,20,1,2026-09-01T04:18:45.771Z
p76,21,1,2026-09-01T04:18:45.905Z
p76,22,1,2026-09-01T04:18:46.057Z
p76,23,1,2026-09-01T04:18:46.208Z
p76,24,-1,2026-09-01T04:18:46.336Z
p77,1,-1,2026-09-01T04:18:42.999Z
p77,2,-1,2026-09-01T04:18:43.126Z
p77,3,-1,2026-09-01T04:18:43.282Z
p77,4,0,2026-09-01T04:18:43.440Z
p77,5,-1,2026-09-01T04:18:43.565Z
p77,6,0,2026-09-01T04:18:43.689Z
p77,7,-1,2026-09-01T04:18:43.846Z
p77,8,1,2026-09-01T04:18:44.007Z
p77,9,1,2026-09-01T04:18:44.173Z
p77,10,1,2026-09-01T04:18:44.326Z
p77,11,1,2026-09-01T04:18:44.432Z
p77,12,1,2026-09-01T04:18:44.548Z
p77,13,1,2026-09-01T04:18:44.681Z
p77,14,1,2026-09-01T04:18:44.835Z
p77,15,-1,2026-09-01T04:18:44.962Z
p77,16,1,2026-09-01T04:18:45.115Z
p77,17,1,2026-09-01T04:18:45.246Z
p77,18,-1,2026-09-01T04:18:45.360Z
p77,19,1,2026-09-01T04:18:45.519Z
p77,20,1,2026-09-01T04:18:45.706Z
p77,21,1,2026-09-01T04:18:45.900Z
p77,22,1,2026-09-01T04:18:46.085Z
p77,23,1,2026-09-01T04:18:46.275Z
p77,24,1,2026-09-01T04:18:46.485Z
p78,1,0,2026-09-01T04:18:43.187Z
p78,2,-1,2026-09-01T04:18:43.345Z
p78,3,-1,2026-09-01T04:18:43.497Z
p78,4,1,2026-09-01T04:18:43.660Z
p78,5,-1,2026-09-01T04:18:43.850Z
p78,6,1,2026-09-01T04:18:44.006Z
p78,7,0,2026-09-01T04:18:44.179Z
p78,8,1,2026-09-01T04:18:44.355Z
p78,9,1,2026-09-01T04:18:44.489Z
p78,10,1,2026-09-01T04:18:44.641Z
p78,11,1,2026-09-01T04:18:44.839Z
p78,12,1,2026-09-01T04:18:44.995Z
p78,13,0,2026-09-01T04:18:45.154Z
p78,14,1,2026-09-01T04:18:45.341Z
p78,15,-1,2026-09-01T04:18:45.493Z
p78,16,-1,2026-09-01T04:18:45.651Z
p78,17,1,2026-09-01T04:18:45.771Z
p78,18,0,2026-09-01T04:18:45.875Z
p78,19,-1,2026-09-01T04:18:45.989Z
p78,20,0,2026-09-01T04:18:46.121Z
p78,21,1,2026-09-01T04:18:46.243Z
p78,22,1,2026-09-01T04:18:46.372Z
p78,23,1,2026-09-01T04:18:46.513Z
p78,24,-1,2026-09-01T04:18:46.718Z
p79,1,-1,2026-09-01T04:18:43.338Z
p79,2,-1,2026-09-01T04:18:43.503Z
p79,3,1,2026-09-01T04:18:43.687Z
p79,4,1,2026-09-01T04:18:43.818Z
p79,5,0,2026-09-01T04:18:43.948Z
p79,6,1,2026-09-01T04:18:44.077Z
p79,7,-1,2026-09-01T04:18:44.184Z
p79,8,0,2026-09-01T04:18:44.357Z
p79,9,1,2026-09-01T04:18:44.531Z
p79,10,0,2026-09-01T04:18:44.649Z
p79,11,1,2026-09-01T04:18:44.771Z
p79,12,1,2026-09-01T04:18:44.933Z
p79,13,-1,2026-09-01T04:18:45.143Z
p79,14,-1,2026-09-01T04:18:45.303Z
p79,15,0,2026-09-01T04:18:45.453Z
p79,16,1,2026-09-01T04:18:45.612Z
p79,17,1,2026-09-01T04:18:45.773Z
p79,18,1,2026-09-01T04:18:45.932Z
p79,19,1,2026-09-01T04:18:46.057Z
p79,20,0,2026-09-01T04:18:46.179Z
p79,21,1,2026-09-01T04:18:46.308Z
p79,22,-1,2026-09-01T04:18:46.465Z
p79,23,1,2026-09-01T04:18:46.609Z
p79,24,-1,2026-09-01T04:18:46.744Z
p80,1,0,2026-09-01T04:18:43.380Z
p80,2,-1,2026-09-01T04:18:43.565Z
p80,3,0,2026-09-01T04:18:43.721Z
p80,4,1,2026-09-01T04:18:43.822Z
p80,5,1,2026-09-01T04:18:43.929Z
p80,6,1,2026-09-01T04:18:44.070Z
p80,7,-1,2026-09-01T04:18:44.174Z
p80,8,1,2026-09-01T04:18:44.315Z
p80,9,1,2026-09-01T04:18:44.516Z
p80,10,1,2026-09-01T04:18:44.683Z
p80,11,0,2026-09-01T04:18:44.866Z
p80,12,1,2026-09-01T04:18:45.054Z
p80,13,0,2026-09-01T04:18:45.253Z
p80,14,1,2026-09-01T04:18:45.452Z
p80,15,-1,2026-09-01T04:18:45.644Z
p80,16,1,2026-09-01T04:18:45.812Z
p80,17,1,2026-09-01T04:18:45.995Z
p80,18,-1,2026-09-01T04:18:46.180Z
p80,19,1,2026-09-01T04:18:46.369Z
p80,20,-1,2026-09-01T04:18:46.540Z
p80,21,-1,2026-09-01T04:18:46.718Z
p80,22,1,2026-09-01T04:18:46.868Z
p80,23,1,2026-09-01T04:18:47.029Z
p80,24,1,2026-09-01T04:18:47.161Z
p81,1,0,2026-09-01T04:18:45.389Z
p81,2,-1,2026-09-01T04:18:45.515Z
p81,3,0,2026-09-01T04:18:45.683Z
p81,4,-1,2026-09-01T04:18:45.866Z
p81,5,1,2026-09-01T04:18:46.020Z
p81,6,1,2026-09-01T04:18:46.211Z
p81,7,1,2026-09-01T04:18:46.373Z
p81,8,1,2026-09-01T04:18:46.477Z
p81,9,1,2026-09-01T04:18:46.605Z
p81,10,0,2026-09-01T04:18:46.775Z
p81,11,1,2026-09-01T04:18:46.934Z
p81,12,1,2026-09-01T04:18:47.070Z
p81,13,0,2026-09-01T04:18:47.221Z
p81,14,1,2026-09-01T04:18:47.380Z
p81,15,0,2026-09-01T04:18:47.536Z
p81,16,1,2026-09-01T04:18:47.694Z
p81,17,1,2026-09-01T04:18:47.830Z
p81,18,1,2026-09-01T04:18:47.988Z
p81,19,0,2026-09-01T04:18:48.178Z
p81,20,0,2026-09-01T04:18:48.337Z
p81,21,1,2026-09-01T04:18:48.500Z
p81,22,1,2026-09-01T04:18:48.675Z
p81,23,1,2026-09-01T04:18:48.816Z
p81,24,-1,2026-09-01T04:18:49.005Z
p82,1,0,2026-09-01T04:18:46.481Z
p82,2,-1,2026-09-01T04:18:46.616Z
p82,3,-1,2026-09-01T04:18:46.772Z
p82,4,0,2026-09-01T04:18:46.958Z
p82,5,1,2026-09-01T04:18:47.102Z
p82,6,1,2026-09-01T04:18:47.220Z
p82,7,-1,2026-09-01T04:18:47.380Z
p82,8,1,2026-09-01T04:18:47.537Z
p82,9,1,2026-09-01T04:18:47.693Z
p82,10,1,2026-09-01T04:18:47.826Z
p82,11,1,2026-09-01T04:18:47.987Z
p82,12,-1,2026-09-01T04:18:48.146Z
p82,13,-1,2026-09-01T04:18:48.306Z
p82,14,1,2026-09-01T04:18:48.462Z
p82,15,-1,2026-09-01T04:18:48.619Z
p82,16,-1,2026-09-01T04:18:48.766Z
p82,17,1,2026-09-01T04:18:48.909Z
p82,18,1,2026-09-01T04:18:49.092Z
p82,19,1,2026-09-01T04:18:49.234Z
p82,20,0,2026-09-01T04:18:49.401Z
p82,21,1,2026-09-01T04:18:49.577Z
p82,22,1,2026-09-01T04:18:49.747Z
p82,23,-1,2026-09-01T04:18:49.912Z
p82,24,0,2026-09-01T04:18:50.013Z
p83,1,1,2026-09-01T04:18:46.627Z
p83,2,-1,2026-09-01T04:18:46.776Z
p83,3,-1,2026-09-01T04:18:46.933Z
p83,4,1,2026-09-01T04:18:47.071Z
p83,5,1,2026-09-01T04:18:47.221Z
p83,6,1,2026-09-01T04:18:47.348Z
p83,7,-1,2026-09-01T04:18:47.471Z
p83,8,1,2026-09-01T04:18:47.599Z
p83,9,1,2026-09-01T04:18:47.737Z
p83,10,1,2026-09-01T04:18:47.894Z
p83,11,0,2026-09-01T04:18:48.044Z
p83,12,1,2026-09-01T04:18:48.212Z
p83,13,1,2026-09-01T04:18:48.337Z
p83,14,1,2026-09-01T04:18:48.500Z
p83,15,-1,2026-09-01T04:18:48.690Z
p83,16,1,2026-09-01T04:18:48.860Z
p83,17,1,2026-09-01T04:18:48.973Z
p83,18,0,2026-09-01T04:18:49.085Z
p83,19,0,2026-09-01T04:18:49.219Z
p83,20,0,2026-09-01T04:18:49.363Z
p83,21,1,2026-09-01T04:18:49.521Z
p83,22,1,2026-09-01T04:18:49.651Z
p83,23,1,2026-09-01T04:18:49.786Z
p83,24,-1,2026-09-01T04:18:49.945Z
p84,1,0,2026-09-01T04:18:46.649Z
p84,2,1,2026-09-01T04:18:46.806Z
p84,3,1,2026-09-01T04:18:46.930Z
p84,4,1,2026-09-01T04:18:47.069Z
p84,5,1,2026-09-01T04:18:47.220Z
p84,6,1,2026-09-01T04:18:47.380Z
p84,7,0,2026-09-01T04:18:47.537Z
p84,8,1,2026-09-01T04:18:47.694Z
p84,9,1,2026-09-01T04:18:47.830Z
p84,10,1,2026-09-01T04:18:47.988Z
p84,11,1,2026-09-01T04:18:48.146Z
p84,12,1,2026-09-01T04:18:48.275Z
p84,13,1,2026-09-01T04:18:48.396Z
p84,14,1,2026-09-01T04:18:48.524Z
p84,15,-1,2026-09-01T04:18:48.659Z
p84,16,1,2026-09-01T04:18:48.798Z
p84,17,1,2026-09-01T04:18:48.995Z
p84,18,-1,2026-09-01T04:18:49.161Z
p84,19,1,2026-09-01T04:18:49.277Z
p84,20,1,2026-09-01T04:18:49.409Z
p84,21,1,2026-09-01T04:18:49.578Z
p84,22,1,2026-09-01T04:18:49.747Z
p84,23,1,2026-09-01T04:18:49.912Z
p84,24,-1,2026-09-01T04:18:50.018Z
p85,1,-1,2026-09-01T04:18:46.686Z
p85,2,-1,2026-09-01T04:18:46.806Z
p85,3,0,2026-09-01T04:18:46.933Z
p85,4,1,2026-09-01T04:18:47.040Z
p85,5,-1,2026-09-01T04:18:47.158Z
p85,6,1,2026-09-01T04:18:47.285Z
p85,7,0,2026-09-01T04:18:47.408Z
p85,8,1,2026-09-01T04:18:47.569Z
p85,9,-1,2026-09-01T04:18:47.700Z
p85,10,1,2026-09-01T04:18:47.807Z
p85,11,0,2026-09-01T04:18:47.954Z
p85,12,1,2026-09-01T04:18:48.138Z
p85,13,1,2026-09-01T04:18:48.303Z
p85,14,0,2026-09-01T04:18:48.430Z
p85,15,0,2026-09-01T04:18:48.615Z
p85,16,-1,2026-09-01T04:18:48.766Z
p85,17,1,2026-09-01T04:18:48.878Z
p85,18,-1,2026-09-01T04:18:48.982Z
p85,19,1,2026-09-01T04:18:49.118Z
p85,20,1,2026-09-01T04:18:49.307Z
p85,21,1,2026-09-01T04:18:49.498Z
p85,22,1,2026-09-01T04:18:49.652Z
p85,23,1,2026-09-01T04:18:49.755Z
p85,24,-1,2026-09-01T04:18:49.875Z
p86,1,-1,2026-09-01T04:18:46.868Z
p86,2,-1,2026-09-01T04:18:47.029Z
p86,3,-1,2026-09-01T04:18:47.201Z
p86,4,1,2026-09-01T04:18:47.378Z
p86,5,1,2026-09-01T04:18:47.537Z
p86,6,1,2026-09-01T04:18:47.693Z
p86,7,-1,2026-09-01T04:18:47.863Z
p86,8,1,2026-09-01T04:18:48.082Z
p86,9,1,2026-09-01T04:18:48.240Z
p86,10,1,2026-09-01T04:18:48.398Z
p86,11,0,2026-09-01T04:18:48.564Z
p86,12,1,2026-09-01T04:18:48.709Z
p86,13,0,2026-09-01T04:18:48.860Z
p86,14,1,2026-09-01T04:18:48.973Z
p86,15,-1,2026-09-01T04:18:49.116Z
p86,16,-1,2026-09-01T04:18:49.304Z
p86,17,0,2026-09-01T04:18:49.465Z
p86,18,1,2026-09-01T04:18:49.586Z
p86,19,-1,2026-09-01T04:18:49.746Z
p86,20,0,2026-09-01T04:18:49.944Z
p86,21,1,2026-09-01T04:18:50.116Z
p86,22,1,2026-09-01T04:18:50.286Z
p86,23,1,2026-09-01T04:18:50.476Z
p86,24,-1,2026-09-01T04:18:50.633Z
p87,1,1,2026-09-01T04:18:46.899Z
p87,2,-1,2026-09-01T04:18:47.030Z
p87,3,-1,2026-09-01T04:18:47.187Z
p87,4,1,2026-09-01T04:18:47.379Z
p87,5,1,2026-09-01T04:18:47.565Z
p87,6,0,2026-09-01T04:18:47.723Z
p87,7,-1,2026-09-01T04:18:47.893Z
p87,8,1,2026-09-01T04:18:48.043Z
p87,9,1,2026-09-01T04:18:48.241Z
p87,10,0,2026-09-01T04:18:48.428Z
p87,11,1,2026-09-01T04:18:48.615Z
p87,12,1,2026-09-01T04:18:48.766Z
p87,13,1,2026-09-01T04:18:48.879Z
p87,14,1,2026-09-01T04:18:48.986Z
p87,15,-1,2026-09-01T04:18:49.089Z
p87,16,1,2026-09-01T04:18:49.250Z
p87,17,-1,2026-09-01T04:18:49.382Z
p87,18,0,2026-09-01T04:18:49.509Z
p87,19,0,2026-09-01T04:18:49.680Z
p87,20,0,2026-09-01T04:18:49.882Z
p87,21,-1,2026-09-01T04:18:50.016Z
p87,22,1,2026-09-01T04:18:50.168Z
p87,23,1,2026-09-01T04:18:50.307Z
p87,24,-1,2026-09-01T04:18:50.477Z
p88,1,1,2026-09-01T04:18:47.286Z
p88,2,0,2026-09-01T04:18:47.438Z
p88,3,-1,2026-09-01T04:18:47.598Z
p88,4,1,2026-09-01T04:18:47.729Z
p88,5,-1,2026-09-01T04:18:47.893Z
p88,6,1,2026-09-01T04:18:48.078Z
p88,7,0,2026-09-01T04:18:48.240Z
p88,8,1,2026-09-01T04:18:48.397Z
p88,9,1,2026-09-01T04:18:48.595Z
p88,10,1,2026-09-01T04:18:48.766Z
p88,11,1,2026-09-01T04:18:48.906Z
p88,12,1,2026-09-01T04:18:49.095Z
p88,13,-1,2026-09-01T04:18:49.236Z
p88,14,-1,2026-09-01T04:18:49.370Z
p88,15,-1,2026-09-01T04:18:49.508Z
p88,16,1,2026-09-01T04:18:49.682Z
p88,17,1,2026-09-01T04:18:49.850Z
p88,18,0,2026-09-01T04:18:50.003Z
p88,19,1,2026-09-01T04:18:50.167Z
p88,20,-1,2026-09-01T04:18:50.327Z
p88,21,1,2026-09-01T04:18:50.482Z
p88,22,1,2026-09-01T04:18:50.614Z
p88,23,0,2026-09-01T04:18:50.751Z
p88,24,-1,2026-09-01T04:18:50.888Z
p89,1,1,2026-09-01T04:18:49.211Z
p89,2,-1,2026-09-01T04:18:49.370Z
p89,3,0,2026-09-01T04:18:49.514Z
p89,4,1,2026-09-01T04:18:49.680Z
p89,5,1,2026-09-01T04:18:49.817Z
p89,6,1,2026-09-01T04:18:49.945Z
p89,7,1,2026-09-01T04:18:50.079Z
p89,8,1,2026-09-01T04:18:50.233Z
p89,9,1,2026-09-01T04:18:50.417Z
p89,10,1,2026-09-01T04:18:50.600Z
p89,11,1,2026-09-01T04:18:50.739Z
p89,12,1,2026-09-01T04:18:50.846Z
p89,13,1,2026-09-01T04:18:50.975Z
p89,14,1,2026-09-01T04:18:51.100Z
p89,15,-1,2026-09-01T04:18:51.228Z
p89,16,1,2026-09-01T04:18:51.360Z
p89,17,0,2026-09-01T04:18:51.500Z
p89,18,1,2026-09-01T04:18:51.668Z
p89,19,0,2026-09-01T04:18:51.801Z
p89,20,1,2026-09-01T04:18:51.956Z
p89,21,1,2026-09-01T04:18:52.111Z
p89,22,1,2026-09-01T04:18:52.271Z
p89,23,1,2026-09-01T04:18:52.428Z
p89,24,1,2026-09-01T04:18:52.573Z
p90,1,1,2026-09-01T04:18:50.008Z
p90,2,-1,2026-09-01T04:18:50.165Z
p90,3,-1,2026-09-01T04:18:50.309Z
p90,4,1,2026-09-01T04:18:50.446Z
p90,5,1,2026-09-01T04:18:50.571Z
p90,6,0,2026-09-01T04:18:50.730Z
p90,7,1,2026-09-01T04:18:50.904Z
p90,8,1,2026-09-01T04:18:51.069Z
p90,9,1,2026-09-01T04:18:51.260Z
p90,10,1,2026-09-01T04:18:51.424Z
p90,11,0,2026-09-01T04:18:51.563Z
p90,12,1,2026-09-01T04:18:51.699Z
p90,13,1,2026-09-01T04:18:51.894Z
p90,14,1,2026-09-01T04:18:52.047Z
p90,15,-1,2026-09-01T04:18:52.176Z
p90,16,1,2026-09-01T04:18:52.337Z
p90,17,1,2026-09-01T04:18:52.522Z
p90,18,-1,2026-09-01T04:18:52.726Z
p90,19,1,2026-09-01T04:18:52.883Z
p90,20,1,2026-09-01T04:18:53.036Z
p90,21,1,2026-09-01T04:18:53.194Z
p90,22,1,2026-09-01T04:18:53.348Z
p90,23,0,2026-09-01T04:18:53.541Z
p90,24,-1,2026-09-01T04:18:53.694Z
p91,1,0,2026-09-01T04:18:50.111Z
p91,2,1,2026-09-01T04:18:50.245Z
p91,3,-1,2026-09-01T04:18:50.386Z
p91,4,1,2026-09-01T04:18:50.509Z
p91,5,0,2026-09-01T04:18:50.634Z
p91,6,1,2026-09-01T04:18:50.771Z
p91,7,-1,2026-09-01T04:18:50.945Z
p91,8,1,2026-09-01T04:18:51.099Z
p91,9,1,2026-09-01T04:18:51.228Z
p91,10,1,2026-09-01T04:18:51.338Z
p91,11,1,2026-09-01T04:18:51.443Z
p91,12,1,2026-09-01T04:18:51.574Z
p91,13,1,2026-09-01T04:18:51.715Z
p91,14,1,2026-09-01T04:18:51.861Z
p91,15,-1,2026-09-01T04:18:51.984Z
p91,16,1,2026-09-01T04:18:52.111Z
p91,17,1,2026-09-01T04:18:52.271Z
p91,18,1,2026-09-01T04:18:52.462Z
p91,19,0,2026-09-01T04:18:52.635Z
p91,20,1,2026-09-01T04:18:52.789Z
p91,21,1,2026-09-01T04:18:52.979Z
p91,22,1,2026-09-01T04:18:53.134Z
p91,23,1,2026-09-01T04:18:53.257Z
p91,24,-1,2026-09-01T04:18:53.383Z
p92,1,1,2026-09-01T04:18:50.137Z
p92,2,-1,2026-09-01T04:18:50.282Z
p92,3,-1,2026-09-01T04:18:50.477Z
p92,4,1,2026-09-01T04:18:50.633Z
p92,5,-1,2026-09-01T04:18:50.742Z
p92,6,1,2026-09-01T04:18:50.850Z
p92,7,1,2026-09-01T04:18:51.008Z
p92,8,1,2026-09-01T04:18:51.164Z
p92,9,1,2026-09-01T04:18:51.323Z
p92,10,1,2026-09-01T04:18:51.517Z
p92,11,0,2026-09-01T04:18:51.652Z
p92,12,1,2026-09-01T04:18:51.779Z
p92,13,1,2026-09-01T04:18:51.957Z
p92,14,1,2026-09-01T04:18:52.111Z
p92,15,-1,2026-09-01T04:18:52.270Z
p92,16,1,2026-09-01T04:18:52.462Z
p92,17,1,2026-09-01T04:18:52.635Z
p92,18,1,2026-09-01T04:18:52.758Z
p92,19,1,2026-09-01T04:18:52.910Z
p92,20,0,2026-09-01T04:18:53.102Z
p92,21,1,2026-09-01T04:18:53.287Z
p92,22,0,2026-09-01T04:18:53.477Z
p92,23,1,2026-09-01T04:18:53.631Z
p92,24,-1,2026-09-01T04:18:53.785Z
p93,1,1,2026-09-01T04:18:50.168Z
p93,2,-1,2026-09-01T04:18:50.307Z
p93,3,1,2026-09-01T04:18:50.445Z
p93,4,1,2026-09-01T04:18:50.603Z
p93,5,0,2026-09-01T04:18:50.769Z
p93,6,0,2026-09-01T04:18:50.912Z
p93,7,1,2026-09-01T04:18:51.038Z
p93,8,1,2026-09-01T04:18:51.196Z
p93,9,1,2026-09-01T04:18:51.367Z
p93,10,1,2026-09-01T04:18:51.500Z
p93,11,1,2026-09-01T04:18:51.664Z
p93,12,-1,2026-09-01T04:18:51.798Z
p93,13,1,2026-09-01T04:18:51.957Z
p93,14,1,2026-09-01T04:18:52.112Z
p93,15,-1,2026-09-01T04:18:52.239Z
p93,16,0,2026-09-01T04:18:52.371Z
p93,17,1,2026-09-01T04:18:52.495Z
p93,18,-1,2026-09-01T04:18:52.667Z
p93,19,1,2026-09-01T04:18:52.821Z
p93,20,1,2026-09-01T04:18:52.975Z
p93,21,1,2026-09-01T04:18:53.167Z
p93,22,0,2026-09-01T04:18:53.352Z
p93,23,1,2026-09-01T04:18:53.510Z
p93,24,-1,2026-09-01T04:18:53.724Z
p94,1,-1,2026-09-01T04:18:50.664Z
p94,2,1,2026-09-01T04:18:50.830Z
p94,3,-1,2026-09-01T04:18:51.000Z
p94,4,1,2026-09-01T04:18:51.164Z
p94,5,-1,2026-09-01T04:18:51.321Z
p94,6,-1,2026-09-01T04:18:51.517Z
p94,7,0,2026-09-01T04:18:51.653Z
p94,8,1,2026-09-01T04:18:51.806Z
p94,9,1,2026-09-01T04:18:51.960Z
p94,10,1,2026-09-01T04:18:52.093Z
p94,11,1,2026-09-01T04:18:52.270Z
p94,12,1,2026-09-01T04:18:52.428Z
p94,13,-1,2026-09-01T04:18:52.604Z
p94,14,1,2026-09-01T04:18:52.790Z
p94,15,-1,2026-09-01T04:18:52.947Z
p94,16,1,2026-09-01T04:18:53.071Z
p94,17,1,2026-09-01T04:18:53.225Z
p94,18,1,2026-09-01T04:18:53.384Z
p94,19,1,2026-09-01T04:18:53.509Z
p94,20,1,2026-09-01T04:18:53.631Z
p94,21,1,2026-09-01T04:18:53.757Z
p94,22,1,2026-09-01T04:18:53.912Z
p94,23,0,2026-09-01T04:18:54.071Z
p94,24,-1,2026-09-01T04:18:54.224Z
p95,1,1,2026-09-01T04:18:50.769Z
p95,2,-1,2026-09-01T04:18:50.944Z
p95,3,0,2026-09-01T04:18:51.099Z
p95,4,1,2026-09-01T04:18:51.260Z
p95,5,-1,2026-09-01T04:18:51.424Z
p95,6,0,2026-09-01T04:18:51.563Z
p95,7,1,2026-09-01T04:18:51.704Z
p95,8,1,2026-09-01T04:18:51.895Z
p95,9,1,2026-09-01T04:18:52.047Z
p95,10,1,2026-09-01T04:18:52.177Z
p95,11,1,2026-09-01T04:18:52.306Z
p95,12,1,2026-09-01T04:18:52.429Z
p95,13,1,2026-09-01T04:18:52.603Z
p95,14,1,2026-09-01T04:18:52.758Z
p95,15,-1,2026-09-01T04:18:52.886Z
p95,16,1,2026-09-01T04:18:53.006Z
p95,17,1,2026-09-01T04:18:53.134Z
p95,18,1,2026-09-01T04:18:53.256Z
p95,19,1,2026-09-01T04:18:53.384Z
p95,20,1,2026-09-01T04:18:53.537Z
p95,21,1,2026-09-01T04:18:53.726Z
p95,22,1,2026-09-01T04:18:53.943Z
p95,23,1,2026-09-01T04:18:54.102Z
p95,24,-1,2026-09-01T04:18:54.255Z
p96,1,-1,2026-09-01T04:18:51.037Z
p96,2,-1,2026-09-01T04:18:51.199Z
p96,3,0,2026-09-01T04:18:51.338Z
p96,4,1,2026-09-01T04:18:51.481Z
p96,5,-1,2026-09-01T04:18:51.652Z
p96,6,1,2026-09-01T04:18:51.795Z
p96,7,1,2026-09-01T04:18:51.925Z
p96,8,1,2026-09-01T04:18:52.075Z
p96,9,1,2026-09-01T04:18:52.239Z
p96,10,1,2026-09-01T04:18:52.403Z
p96,11,1,2026-09-01T04:18:52.572Z
p96,12,1,2026-09-01T04:18:52.695Z
p96,13,1,2026-09-01T04:18:52.852Z
p96,14,1,2026-09-01T04:18:53.006Z
p96,15,-1,2026-09-01T04:18:53.166Z
p96,16,1,2026-09-01T04:18:53.320Z
p96,17,1,2026-09-01T04:18:53.445Z
p96,18,1,2026-09-01T04:18:53.574Z
p96,19,1,2026-09-01T04:18:53.725Z
p96,20,0,2026-09-01T04:18:53.912Z
p96,21,1,2026-09-01T04:18:54.074Z
p96,22,1,2026-09-01T04:18:54.251Z
p96,23,0,2026-09-01T04:18:54.457Z
p96,24,1,2026-09-01T04:18:54.619Z
p97,1,1,2026-09-01T04:18:52.726Z
p97,2,-1,2026-09-01T04:18:52.884Z
p97,3,-1,2026-09-01T04:18:53.004Z
p97,4,1,2026-09-01T04:18:53.162Z
p97,5,1,2026-09-01T04:18:53.321Z
p97,6,1,2026-09-01T04:18:53.477Z
p97,7,-1,2026-09-01T04:18:53.663Z
p97,8,1,2026-09-01T04:18:53.819Z
p97,9,1,2026-09-01T04:18:53.923Z
p97,10,1,2026-09-01T04:18:54.075Z
p97,11,1,2026-09-01T04:18:54.223Z
p97,12,1,2026-09-01T04:18:54.383Z
p97,13,1,2026-09-01T04:18:54.554Z
p97,14,0,2026-09-01T04:18:54.699Z
p97,15,1,2026-09-01T04:18:54.822Z
p97,16,1,2026-09-01T04:18:54.950Z
p97,17,1,2026-09-01T04:18:55.107Z
p97,18,1,2026-09-01T04:18:55.264Z
p97,19,1,2026-09-01T04:18:55.398Z
p97,20,1,2026-09-01T04:18:55.529Z
p97,21,1,2026-09-01T04:18:55.677Z
p97,22,0,2026-09-01T04:18:55.812Z
p97,23,1,2026-09-01T04:18:55.918Z
p97,24,-1,2026-09-01T04:18:56.059Z
p98,1,1,2026-09-01T04:18:53.541Z
p98,2,-1,2026-09-01T04:18:53.695Z
p98,3,-1,2026-09-01T04:18:53.818Z
p98,4,1,2026-09-01T04:18:53.922Z
p98,5,-1,2026-09-01T04:18:54.043Z
p98,6,1,2026-09-01T04:18:54.166Z
p98,7,0,2026-09-01T04:18:54.290Z
p98,8,1,2026-09-01T04:18:54.458Z
p98,9,1,2026-09-01T04:18:54.619Z
p98,10,1,2026-09-01T04:18:54.758Z
p98,11,1,2026-09-01T04:18:54.885Z
p98,12,1,2026-09-01T04:18:55.016Z
p98,13,1,2026-09-01T04:18:55.172Z
p98,14,1,2026-09-01T04:18:55.362Z
p98,15,-1,2026-09-01T04:18:55.550Z
p98,16,1,2026-09-01T04:18:55.718Z
p98,17,1,2026-09-01T04:18:55.817Z
p98,18,1,2026-09-01T04:18:55.920Z
p98,19,1,2026-09-01T04:18:56.027Z
p98,20,1,2026-09-01T04:18:56.166Z
p98,21,1,2026-09-01T04:18:56.331Z
p98,22,1,2026-09-01T04:18:56.485Z
p98,23,1,2026-09-01T04:18:56.647Z
p98,24,1,2026-09-01T04:18:56.812Z
p99,1,0,2026-09-01T04:18:53.844Z
p99,2,-1,2026-09-01T04:18:53.984Z
p99,3,-1,2026-09-01T04:18:54.134Z
p99,4,0,2026-09-01T04:18:54.290Z
p99,5,-1,2026-09-01T04:18:54.427Z
p99,6,1,2026-09-01T04:18:54.533Z
p99,7,1,2026-09-01T04:18:54.640Z
p99,8,1,2026-09-01T04:18:54.789Z
p99,9,1,2026-09-01T04:18:54.978Z
p99,10,1,2026-09-01T04:18:55.141Z
p99,11,1,2026-09-01T04:18:55.265Z
p99,12,1,2026-09-01T04:18:55.396Z
p99,13,-1,2026-09-01T04:18:55.561Z
p99,14,1,2026-09-01T04:18:55.717Z
p99,15,-1,2026-09-01T04:18:55.856Z
p99,16,-1,2026-09-01T04:18:56.026Z
p99,17,1,2026-09-01T04:18:56.198Z
p99,18,1,2026-09-01T04:18:56.334Z
p99,19,1,2026-09-01T04:18:56.458Z
p99,20,1,2026-09-01T04:18:56.616Z
p99,21,1,2026-09-01T04:18:56.771Z
p99,22,0,2026-09-01T04:18:56.925Z
p99,23,1,2026-09-01T04:18:57.063Z
p99,24,-1,2026-09-01T04:18:57.214Z
p100,1,1,2026-09-01T04:18:53.849Z
p100,2,-1,2026-09-01T04:18:54.007Z
p100,3,-1,2026-09-01T04:18:54.139Z
p100,4,1,2026-09-01T04:18:54.284Z
p100,5,-1,2026-09-01T04:18:54.427Z
p100,6,-1,2026-09-01T04:18:54.542Z
p100,7,-1,2026-09-01T04:18:54.684Z
p100,8,1,2026-09-01T04:18:54.823Z
p100,9,0,2026-09-01T04:18:54.982Z
p100,10,1,2026-09-01T04:18:55.171Z
p100,11,1,2026-09-01T04:18:55.361Z
p100,12,1,2026-09-01T04:18:55.519Z
p100,13,0,2026-09-01T04:18:55.678Z
p100,14,1,2026-09-01T04:18:55.817Z
p100,15,-1,2026-09-01T04:18:55.923Z
p100,16,1,2026-09-01T04:18:56.027Z
p100,17,1,2026-09-01T04:18:56.180Z
p100,18,-1,2026-09-01T04:18:56.324Z
p100,19,1,2026-09-01T04:18:56.428Z
p100,20,0,2026-09-01T04:18:56.548Z
p100,21,1,2026-09-01T04:18:56.679Z
p100,22,1,2026-09-01T04:18:56.812Z
p100,23,1,2026-09-01T04:18:56.988Z
p100,24,-1,2026-09-01T04:18:57.179Z
p101,1,1,2026-09-01T04:18:53.919Z
p101,2,-1,2026-09-01T04:18:54.074Z
p101,3,0,2026-09-01T04:18:54.225Z
p101,4,1,2026-09-01T04:18:54.360Z
p101,5,-1,2026-09-01T04:18:54.524Z
p101,6,-1,2026-09-01T04:18:54.731Z
p101,7,1,2026-09-01T04:18:54.917Z
p101,8,1,2026-09-01T04:18:55.075Z
p101,9,1,2026-09-01T04:18:55.205Z
p101,10,1,2026-09-01T04:18:55.358Z
p101,11,1,2026-09-01T04:18:55.519Z
p101,12,1,2026-09-01T04:18:55.642Z
p101,13,1,2026-09-01T04:18:55.808Z
p101,14,1,2026-09-01T04:18:55.969Z
p101,15,-1,2026-09-01T04:18:56.091Z
p101,16,1,2026-09-01T04:18:56.229Z
p101,17,-1,2026-09-01T04:18:56.364Z
p101,18,0,2026-09-01T04:18:56.521Z
p101,19,1,2026-09-01T04:18:56.646Z
p101,20,-1,2026-09-01T04:18:56.769Z
p101,21,1,2026-09-01T04:18:56.929Z
p101,22,1,2026-09-01T04:18:57.069Z
p101,23,1,2026-09-01T04:18:57.213Z
p101,24,-1,2026-09-01T04:18:57.378Z
p102,1,1,2026-09-01T04:18:54.360Z
p102,2,-1,2026-09-01T04:18:54.555Z
p102,3,1,2026-09-01T04:18:54.698Z
p102,4,1,2026-09-01T04:18:54.823Z
p102,5,0,2026-09-01T04:18:54.951Z
p102,6,1,2026-09-01T04:18:55.076Z
p102,7,0,2026-09-01T04:18:55.261Z
p102,8,1,2026-09-01T04:18:55.457Z
p102,9,1,2026-09-01T04:18:55.655Z
p102,10,1,2026-09-01T04:18:55.802Z
p102,11,1,2026-09-01T04:18:55.918Z
p102,12,1,2026-09-01T04:18:56.028Z
p102,13,1,2026-09-01T04:18:56.199Z
p102,14,1,2026-09-01T04:18:56.367Z
p102,15,1,2026-09-01T04:18:56.553Z
p102,16,1,2026-09-01T04:18:56.743Z
p102,17,0,2026-09-01T04:18:56.929Z
p102,18,-1,2026-09-01T04:18:57.061Z
p102,19,1,2026-09-01T04:18:57.210Z
p102,20,1,2026-09-01T04:18:57.348Z
p102,21,1,2026-09-01T04:18:57.449Z
p102,22,1,2026-09-01T04:18:57.587Z
p102,23,1,2026-09-01T04:18:57.745Z
p102,24,0,2026-09-01T04:18:57.881Z
p103,1,1,2026-09-01T04:18:54.426Z
p103,2,1,2026-09-01T04:18:54.530Z
p103,3,1,2026-09-01T04:18:54.671Z
p103,4,1,2026-09-01T04:18:54.822Z
p103,5,0,2026-09-01T04:18:54.979Z
p103,6,1,2026-09-01T04:18:55.141Z
p103,7,0,2026-09-01T04:18:55.265Z
p103,8,1,2026-09-01T04:18:55.403Z
p103,9,1,2026-09-01T04:18:55.577Z
p103,10,1,2026-09-01T04:18:55.745Z
p103,11,1,2026-09-01T04:18:55.908Z
p103,12,-1,2026-09-01T04:18:56.109Z
p103,13,1,2026-09-01T04:18:56.261Z
p103,14,1,2026-09-01T04:18:56.401Z
p103,15,-1,2026-09-01T04:18:56.550Z
p103,16,1,2026-09-01T04:18:56.745Z
p103,17,-1,2026-09-01T04:18:56.928Z
p103,18,-1,2026-09-01T04:18:57.091Z
p103,19,1,2026-09-01T04:18:57.243Z
p103,20,0,2026-09-01T04:18:57.354Z
p103,21,0,2026-09-01T04:18:57.525Z
p103,22,1,2026-09-01T04:18:57.677Z
p103,23,1,2026-09-01T04:18:57.808Z
p103,24,0,2026-09-01T04:18:57.969Z
p104,1,1,2026-09-01T04:18:54.790Z
p104,2,-1,2026-09-01T04:18:54.982Z
p104,3,0,2026-09-01T04:18:55.140Z
p104,4,1,2026-09-01T04:18:55.264Z
p104,5,0,2026-09-01T04:18:55.372Z
p104,6,0,2026-09-01T04:18:55.519Z
p104,7,-1,2026-09-01T04:18:55.642Z
p104,8,1,2026-09-01T04:18:55.812Z
p104,9,1,2026-09-01T04:18:56.014Z
p104,10,0,2026-09-01T04:18:56.194Z
p104,11,1,2026-09-01T04:18:56.359Z
p104,12,-1,2026-09-01T04:18:56.552Z
p104,13,-1,2026-09-01T04:18:56.712Z
p104,14,1,2026-09-01T04:18:56.834Z
p104,15,1,2026-09-01T04:18:56.977Z
p104,16,0,2026-09-01T04:18:57.119Z
p104,17,1,2026-09-01T04:18:57.275Z
p104,18,-1,2026-09-01T04:18:57.443Z
p104,19,1,2026-09-01T04:18:57.545Z
p104,20,1,2026-09-01T04:18:57.709Z
p104,21,1,2026-09-01T04:18:57.898Z
p104,22,0,2026-09-01T04:18:58.063Z
p104,23,0,2026-09-01T04:18:58.186Z
p104,24,-1,2026-09-01T04:18:58.317Z
p105,1,1,2026-09-01T04:18:56.237Z
p105,2,0,2026-09-01T04:18:56.340Z
p105,3,1,2026-09-01T04:18:56.458Z
p105,4,1,2026-09-01T04:18:56.584Z
p105,5,-1,2026-09-01T04:18:56.745Z
p105,6,-1,2026-09-01T04:18:56.897Z
p105,7,0,2026-09-01T04:18:57.074Z
p105,8,1,2026-09-01T04:18:57.237Z
p105,9,1,2026-09-01T04:18:57.354Z
p105,10,1,2026-09-01T04:18:57.480Z
p105,11,1,2026-09-01T04:18:57.651Z
p105,12,1,2026-09-01T04:18:57.798Z
p105,13,1,2026-09-01T04:18:57.998Z
p105,14,1,2026-09-01T04:18:58.184Z
p105,15,1,2026-09-01T04:18:58.352Z
p105,16,1,2026-09-01T04:18:58.537Z
p105,17,-1,2026-09-01T04:18:58.713Z
p105,18,0,2026-09-01T04:18:58.845Z
p105,19,1,2026-09-01T04:18:58.982Z
p105,20,1,2026-09-01T04:18:59.117Z
p105,21,1,2026-09-01T04:18:59.239Z
p105,22,0,2026-09-01T04:18:59.348Z
p105,23,1,2026-09-01T04:18:59.478Z
p105,24,-1,2026-09-01T04:18:59.631Z
p106,1,-1,2026-09-01T04:18:56.918Z
p106,2,-1,2026-09-01T04:18:57.051Z
p106,3,1,2026-09-01T04:18:57.213Z
p106,4,-1,2026-09-01T04:18:57.431Z
p106,5,0,2026-09-01T04:18:57.634Z
p106,6,0,2026-09-01T04:18:57.802Z
p106,7,1,2026-09-01T04:18:57.966Z
p106,8,1,2026-09-01T04:18:58.128Z
p106,9,1,2026-09-01T04:18:58.247Z
p106,10,-1,2026-09-01T04:18:58.381Z
p106,11,1,2026-09-01T04:18:58.505Z
p106,12,-1,2026-09-01T04:18:58.659Z
p106,13,-1,2026-09-01T04:18:58.830Z
p106,14,-1,2026-09-01T04:18:58.991Z
p106,15,-1,2026-09-01T04:18:59.147Z
p106,16,1,2026-09-01T04:18:59.327Z
p106,17,1,2026-09-01T04:18:59.510Z
p106,18,-1,2026-09-01T04:18:59.691Z
p106,19,1,2026-09-01T04:18:59.815Z
p106,20,-1,2026-09-01T04:18:59.959Z
p106,21,1,2026-09-01T04:19:00.119Z
p106,22,1,2026-09-01T04:19:00.325Z
p106,23,1,2026-09-01T04:19:00.497Z
p106,24,-1,2026-09-01T04:19:00.659Z
p107,1,1,2026-09-01T04:18:57.335Z
p107,2,1,2026-09-01T04:18:57.443Z
p107,3,1,2026-09-01T04:18:57.614Z
p107,4,1,2026-09-01T04:18:57.767Z
p107,5,1,2026-09-01T04:18:57.904Z
p107,6,1,2026-09-01T04:18:58.095Z
p107,7,-1,2026-09-01T04:18:58.246Z
p107,8,1,2026-09-01T04:18:58.380Z
p107,9,1,2026-09-01T04:18:58.506Z
p107,10,1,2026-09-01T04:18:58.683Z
p107,11,1,2026-09-01T04:18:58.781Z
p107,12,0,2026-09-01T04:18:58.932Z
p107,13,-1,2026-09-01T04:18:59.087Z
p107,14,1,2026-09-01T04:18:59.211Z
p107,15,1,2026-09-01T04:18:59.362Z
p107,16,1,2026-09-01T04:18:59.536Z
p107,17,0,2026-09-01T04:18:59.692Z
p107,18,1,2026-09-01T04:18:59.865Z
p107,19,1,2026-09-01T04:19:00.004Z
p107,20,1,2026-09-01T04:19:00.116Z
p107,21,1,2026-09-01T04:19:00.251Z
p107,22,1,2026-09-01T04:19:00.431Z
p107,23,1,2026-09-01T04:19:00.593Z
p107,24,0,2026-09-01T04:19:00.723Z
p108,1,0,2026-09-01T04:18:57.349Z
p108,2,-1,2026-09-01T04:18:57.447Z
p108,3,0,2026-09-01T04:18:57.588Z
p108,4,1,2026-09-01T04:18:57.769Z
p108,5,-1,2026-09-01T04:18:57.969Z
p108,6,1,2026-09-01T04:18:58.159Z
p108,7,0,2026-09-01T04:18:58.318Z
p108,8,1,2026-09-01T04:18:58.477Z
p108,9,1,2026-09-01T04:18:58.655Z
p108,10,1,2026-09-01T04:18:58.792Z
p108,11,1,2026-09-01T04:18:58.920Z
p108,12,1,2026-09-01T04:18:59.082Z
p108,13,-1,2026-09-01T04:18:59.268Z
p108,14,1,2026-09-01T04:18:59.456Z
p108,15,-1,2026-09-01T04:18:59.599Z
p108,16,1,2026-09-01T04:18:59.739Z
p108,17,1,2026-09-01T04:18:59.910Z
p108,18,-1,2026-09-01T04:19:00.090Z
p108,19,0,2026-09-01T04:19:00.225Z
p108,20,0,2026-09-01T04:19:00.392Z
p108,21,1,2026-09-01T04:19:00.562Z
p108,22,1,2026-09-01T04:19:00.718Z
p108,23,-1,2026-09-01T04:19:00.879Z
p108,24,1,2026-09-01T04:19:01.027Z
p109,1,1,2026-09-01T04:18:57.573Z
p109,2,0,2026-09-01T04:18:57.737Z
p109,3,-1,2026-09-01T04:18:57.870Z
p109,4,1,2026-09-01T04:18:57.977Z
p109,5,-1,2026-09-01T04:18:58.083Z
p109,6,0,2026-09-01T04:18:58.253Z
p109,7,1,2026-09-01T04:18:58.442Z
p109,8,1,2026-09-01T04:18:58.600Z
p109,9,1,2026-09-01T04:18:58.772Z
p109,10,1,2026-09-01T04:18:58.919Z
p109,11,1,2026-09-01T04:18:59.083Z
p109,12,0,2026-09-01T04:18:59.239Z
p109,13,0,2026-09-01T04:18:59.380Z
p109,14,1,2026-09-01T04:18:59.535Z
p109,15,1,2026-09-01T04:18:59.693Z
p109,16,-1,2026-09-01T04:18:59.897Z
p109,17,1,2026-09-01T04:19:00.093Z
p109,18,1,2026-09-01T04:19:00.230Z
p109,19,1,2026-09-01T04:19:00.373Z
p109,20,1,2026-09-01T04:19:00.529Z
p109,21,1,2026-09-01T04:19:00.687Z
p109,22,-1,2026-09-01T04:19:00.825Z
p109,23,1,2026-09-01T04:19:00.998Z
p109,24,1,2026-09-01T04:19:01.118Z
p110,1,0,2026-09-01T04:18:57.985Z
p110,2,-1,2026-09-01T04:18:58.084Z
p110,3,1,2026-09-01T04:18:58.215Z
p110,4,-1,2026-09-01T04:18:58.380Z
p110,5,1,2026-09-01T04:18:58.504Z
p110,6,1,2026-09-01T04:18:58.624Z
p110,7,1,2026-09-01T04:18:58.783Z
p110,8,0,2026-09-01T04:18:58.919Z
p110,9,1,2026-09-01T04:18:59.052Z
p110,10,1,2026-09-01T04:18:59.211Z
p110,11,1,2026-09-01T04:18:59.417Z
p110,12,0,2026-09-01T04:18:59.574Z
p110,13,-1,2026-09-01T04:18:59.690Z
p110,14,1,2026-09-01T04:18:59.815Z
p110,15,-1,2026-09-01T04:18:59.945Z
p110,16,-1,2026-09-01T04:19:00.120Z
p110,17,1,2026-09-01T04:19:00.326Z
p110,18,0,2026-09-01T04:19:00.498Z
p110,19,1,2026-09-01T04:19:00.656Z
p110,20,-1,2026-09-01T04:19:00.787Z
p110,21,1,2026-09-01T04:19:00.898Z
p110,22,1,2026-09-01T04:19:01.055Z
p110,23,0,2026-09-01T04:19:01.189Z
p110,24,-1,2026-09-01T04:19:01.317Z
p111,1,1,2026-09-01T04:18:58.128Z
p111,2,-1,2026-09-01T04:18:58.247Z
p111,3,1,2026-09-01T04:18:58.381Z
p111,4,1,2026-09-01T04:18:58.505Z
p111,5,1,2026-09-01T04:18:58.624Z
p111,6,-1,2026-09-01T04:18:58.782Z
p111,7,1,2026-09-01T04:18:58.921Z
p111,8,-1,2026-09-01T04:18:59.081Z
p111,9,1,2026-09-01T04:18:59.271Z
p111,10,1,2026-09-01T04:18:59.441Z
p111,11,1,2026-09-01T04:18:59.574Z
p111,12,1,2026-09-01T04:18:59.719Z
p111,13,1,2026-09-01T04:18:59.878Z
p111,14,1,2026-09-01T04:19:00.053Z
p111,15,1,2026-09-01T04:19:00.209Z
p111,16,1,2026-09-01T04:19:00.342Z
p111,17,1,2026-09-01T04:19:00.498Z
p111,18,1,2026-09-01T04:19:00.659Z
p111,19,1,2026-09-01T04:19:00.797Z
p111,20,1,2026-09-01T04:19:00.936Z
p111,21,0,2026-09-01T04:19:01.087Z
p111,22,1,2026-09-01T04:19:01.284Z
p111,23,0,2026-09-01T04:19:01.425Z
p111,24,-1,2026-09-01T04:19:01.578Z
p112,1,0,2026-09-01T04:18:58.478Z
p112,2,-1,2026-09-01T04:18:58.693Z
p112,3,0,2026-09-01T04:18:58.857Z
p112,4,0,2026-09-01T04:18:59.023Z
p112,5,1,2026-09-01T04:18:59.179Z
p112,6,1,2026-09-01T04:18:59.331Z
p112,7,0,2026-09-01T04:18:59.442Z
p112,8,1,2026-09-01T04:18:59.602Z
p112,9,1,2026-09-01T04:18:59.758Z
p112,10,0,2026-09-01T04:18:59.878Z
p112,11,0,2026-09-01T04:19:00.022Z
p112,12,1,2026-09-01T04:19:00.151Z
p112,13,0,2026-09-01T04:19:00.294Z
p112,14,0,2026-09-01T04:19:00.465Z
p112,15,-1,2026-09-01T04:19:00.627Z
p112,16,0,2026-09-01T04:19:00.780Z
p112,17,1,2026-09-01T04:19:00.968Z
p112,18,-1,2026-09-01T04:19:01.118Z
p112,19,-1,2026-09-01T04:19:01.253Z
p112,20,0,2026-09-01T04:19:01.407Z
p112,21,1,2026-09-01T04:19:01.582Z
p112,22,1,2026-09-01T04:19:01.717Z
p112,23,-1,2026-09-01T04:19:01.849Z
p112,24,-1,2026-09-01T04:19:01.989Z
p113,1,0,2026-09-01T04:18:59.802Z
p113,2,-1,2026-09-01T04:18:59.945Z
p113,3,-1,2026-09-01T04:19:00.087Z
p113,4,-1,2026-09-01T04:19:00.209Z
p113,5,1,2026-09-01T04:19:00.312Z
p113,6,0,2026-09-01T04:19:00.437Z
p113,7,-1,2026-09-01T04:19:00.563Z
p113,8,0,2026-09-01T04:19:00.687Z
p113,9,1,2026-09-01T04:19:00.822Z
p113,10,1,2026-09-01T04:19:00.958Z
p113,11,-1,2026-09-01T04:19:01.084Z
p113,12,1,2026-09-01T04:19:01.189Z
p113,13,-1,2026-09-01T04:19:01.349Z
p113,14,1,2026-09-01T04:19:01.487Z
p113,15,0,2026-09-01T04:19:01.597Z
p113,16,0,2026-09-01T04:19:01.707Z
p113,17,-1,2026-09-01T04:19:01.815Z
p113,18,-1,2026-09-01T04:19:01.922Z
p113,19,-1,2026-09-01T04:19:02.050Z
p113,20,1,2026-09-01T04:19:02.156Z
p113,21,1,2026-09-01T04:19:02.260Z
p113,22,1,2026-09-01T04:19:02.442Z
p113,23,0,2026-09-01T04:19:02.573Z
p113,24,-1,2026-09-01T04:19:02.688Z
p115,13,1,2026-09-02T01:21:14.950Z
